,city_id,date_updated,lat,lon,city_name,date,humidity_daily,wind_sp_daily,cloudiness_daily,prob_preci,uv_index_daily,day_temp_daily,day_temp_feels_daily,rain_daily,rel_humidity,rel_wind_sp,rel_cloudiness,rel_uv_index,rel_day_temp,rel_day_temp_feels,rel_rain,score_daily,humidity_avg,wind_sp_avg,cloudiness_avg,uv_index_avg,day_temp_avg,day_temp_feels_avg,rain_avg,score_avg,score_total
0,151486647,2022-01-03,48.6359541,-1.511459954959514,Mont Saint Michel,2022-01-04,84,9.7,100,1.0,0.47,9.91,7.35,6.51,0.9333333333333333,0.7710651828298887,1.0,0.31756756756756754,0.5589396503102086,0.4351687388987566,-0.16472672064777327,3.8513477522919812,78.0,8.501428571428571,84.71428571428571,0.7342857142857142,8.502857142857142,5.4957142857142856,4.465714285714286,3.4684183187108455,24.278928230975918
1,151486647,2022-01-03,48.6359541,-1.511459954959514,Mont Saint Michel,2022-01-05,59,6.3,88,0.64,0.63,7.31,4.33,0.25,0.5959595959595959,0.3120356612184249,0.88,0.5431034482758621,0.6179205409974641,0.4100378787878788,-0.008738394320043693,3.3503187309191818,78.0,8.501428571428571,84.71428571428571,0.7342857142857142,8.502857142857142,5.4957142857142856,4.465714285714286,3.4684183187108455,24.278928230975918
2,151486647,2022-01-03,48.6359541,-1.511459954959514,Mont Saint Michel,2022-01-06,68,8.37,32,0.67,0.63,5.17,1.11,0.82,0.723404255319149,0.5365384615384615,0.32,0.4405594405594406,0.5675082327113062,0.1417624521072797,-0.38690140845070425,2.3428714337849326,78.0,8.501428571428571,84.71428571428571,0.7342857142857142,8.502857142857142,5.4957142857142856,4.465714285714286,3.4684183187108455,24.278928230975918
3,151486647,2022-01-03,48.6359541,-1.511459954959514,Mont Saint Michel,2022-01-07,70,8.77,73,1.0,0.41,8.34,4.31,7.64,0.7368421052631579,0.6746153846153846,0.73,0.3082706766917293,0.7520288548241659,0.4196689386562804,-0.7556874381800198,2.865738521870698,78.0,8.501428571428571,84.71428571428571,0.7342857142857142,8.502857142857142,5.4957142857142856,4.465714285714286,3.4684183187108455,24.278928230975918
4,151486647,2022-01-03,48.6359541,-1.511459954959514,Mont Saint Michel,2022-01-08,90,9.49,100,1.0,1.0,9.34,5.58,9.37,0.9473684210526315,0.6407832545577312,1.0,0.5,0.7948936170212766,0.5017985611510791,-0.7442414614773629,3.6406023923053557,78.0,8.501428571428571,84.71428571428571,0.7342857142857142,8.502857142857142,5.4957142857142856,4.465714285714286,3.4684183187108455,24.278928230975918
5,151486647,2022-01-03,48.6359541,-1.511459954959514,Mont Saint Michel,2022-01-09,90,8.9,100,1.0,1.0,7.6,4.48,6.07,0.9,0.6548933038999265,1.0,0.5,0.5919003115264797,0.37147595356550583,-0.20019788918205805,3.8180716798098535,78.0,8.501428571428571,84.71428571428571,0.7342857142857142,8.502857142857142,5.4957142857142856,4.465714285714286,3.4684183187108455,24.278928230975918
6,151486647,2022-01-03,48.6359541,-1.511459954959514,Mont Saint Michel,2022-01-10,85,7.98,100,0.84,1.0,11.85,11.31,0.6,0.85,0.5924276169265034,1.0,0.5,0.7495256166982922,0.7455504284772578,-0.027525942108137632,4.409977719993915,78.0,8.501428571428571,84.71428571428571,0.7342857142857142,8.502857142857142,5.4957142857142856,4.465714285714286,3.4684183187108455,24.278928230975918
7,121999,2022-01-03,48.649518,-2.0260409,St Malo,2022-01-04,81,12.58,100,1.0,0.49,9.94,7.04,7.12,0.9,1.0,1.0,0.3310810810810811,0.5606316976875352,0.41681468324452337,-0.18016194331983804,4.028365518693302,75.42857142857143,10.65857142857143,82.85714285714286,0.7314285714285714,8.848571428571429,6.035714285714286,4.208571428571429,3.6703963297115476,25.692774307980834
8,121999,2022-01-03,48.649518,-2.0260409,St Malo,2022-01-05,54,9.64,90,0.65,0.64,7.86,4.22,0.1,0.5454545454545454,0.4774640911342249,0.9,0.5517241379310346,0.6644125105663568,0.3996212121212121,-0.003549972692517751,3.535126524514856,75.42857142857143,10.65857142857143,82.85714285714286,0.7314285714285714,8.848571428571429,6.035714285714286,4.208571428571429,3.6703963297115476,25.692774307980834
9,121999,2022-01-03,48.649518,-2.0260409,St Malo,2022-01-06,68,9.79,36,0.56,0.6,5.86,1.38,1.15,0.723404255319149,0.6275641025641026,0.36,0.4195804195804196,0.6432491767288695,0.17624521072796934,-0.45352112676056344,2.496522038159946,75.42857142857143,10.65857142857143,82.85714285714286,0.7314285714285714,8.848571428571429,6.035714285714286,4.208571428571429,3.6703963297115476,25.692774307980834
10,121999,2022-01-03,48.649518,-2.0260409,St Malo,2022-01-07,66,10.57,54,1.0,0.39,8.79,4.6,6.16,0.6947368421052632,0.8130769230769231,0.54,0.2932330827067669,0.7926059513074841,0.4479065238558909,-0.609297725024728,2.9722615980276004,75.42857142857143,10.65857142857143,82.85714285714286,0.7314285714285714,8.848571428571429,6.035714285714286,4.208571428571429,3.6703963297115476,25.692774307980834
11,121999,2022-01-03,48.649518,-2.0260409,St Malo,2022-01-08,85,11.45,100,1.0,1.0,10.08,9.36,9.14,0.8947368421052632,0.7731262660364617,1.0,0.5,0.857872340425532,0.841726618705036,-0.7259729944400318,4.141489072832261,75.42857142857143,10.65857142857143,82.85714285714286,0.7314285714285714,8.848571428571429,6.035714285714286,4.208571428571429,3.6703963297115476,25.692774307980834
12,121999,2022-01-03,48.649518,-2.0260409,St Malo,2022-01-09,90,11.33,100,1.0,1.0,7.74,4.56,5.64,0.9,0.833701250919794,1.0,0.5,0.602803738317757,0.37810945273631835,-0.18601583113456463,4.028598610839304,75.42857142857143,10.65857142857143,82.85714285714286,0.7314285714285714,8.848571428571429,6.035714285714286,4.208571428571429,3.6703963297115476,25.692774307980834
13,121999,2022-01-03,48.649518,-2.0260409,St Malo,2022-01-10,84,9.25,100,0.67,1.0,11.67,11.09,0.15,0.84,0.6867112100965107,1.0,0.5,0.7381404174573055,0.7310481212920237,-0.005488803932277445,4.490410944913562,75.42857142857143,10.65857142857143,82.85714285714286,0.7314285714285714,8.848571428571429,6.035714285714286,4.208571428571429,3.6703963297115476,25.692774307980834
14,3126290,2022-01-03,49.2764624,-0.7024738,Bayeux,2022-01-04,85,9.69,100,1.0,0.41,9.54,6.73,8.36,0.9444444444444444,0.7702702702702702,1.0,0.27702702702702703,0.5380710659898477,0.3984606275902901,-0.2115384615384615,3.716734973783418,79.42857142857143,9.101428571428572,87.14285714285714,0.6928571428571428,7.97,4.775714285714286,4.12,3.469106933215816,24.283748532510714
15,3126290,2022-01-03,49.2764624,-0.7024738,Bayeux,2022-01-05,63,8.31,98,0.47,0.63,6.6,3.03,0.26,0.6363636363636364,0.4115898959881129,0.98,0.5431034482758621,0.5579036348267117,0.2869318181818182,-0.00667394866193337,3.4092184849742084,79.42857142857143,9.101428571428572,87.14285714285714,0.6928571428571428,7.97,4.775714285714286,4.12,3.469106933215816,24.283748532510714
16,3126290,2022-01-03,49.2764624,-0.7024738,Bayeux,2022-01-06,66,9.71,24,0.76,0.61,5.4,1.33,0.62,0.7021276595744681,0.6224358974358976,0.24,0.42657342657342656,0.592755214050494,0.1698595146871009,-0.331830985915493,2.421920726405894,79.42857142857143,9.101428571428572,87.14285714285714,0.6928571428571428,7.97,4.775714285714286,4.12,3.469106933215816,24.283748532510714
17,3126290,2022-01-03,49.2764624,-0.7024738,Bayeux,2022-01-07,73,9.81,88,1.0,0.2,6.94,2.21,5.7,0.7684210526315789,0.7546153846153847,0.88,0.15037593984962405,0.6257889990982868,0.21518987341772153,-0.5637982195845698,2.8305930300280258,79.42857142857143,9.101428571428572,87.14285714285714,0.6928571428571428,7.97,4.775714285714286,4.12,3.469106933215816,24.283748532510714
18,3126290,2022-01-03,49.2764624,-0.7024738,Bayeux,2022-01-08,90,11.68,100,1.0,1.0,8.64,4.27,5.26,0.9473684210526315,0.7886563133018231,1.0,0.5,0.7353191489361702,0.3839928057553957,-0.4177918983320095,3.937544790714011,79.42857142857143,9.101428571428572,87.14285714285714,0.6928571428571428,7.97,4.775714285714286,4.12,3.469106933215816,24.283748532510714
19,3126290,2022-01-03,49.2764624,-0.7024738,Bayeux,2022-01-09,91,7.65,100,1.0,1.0,7.01,4.68,7.74,0.91,0.5629139072847682,1.0,0.5,0.5459501557632399,0.38805970149253727,-0.2552770448548813,3.6516467196856643,79.42857142857143,9.101428571428572,87.14285714285714,0.6928571428571428,7.97,4.775714285714286,4.12,3.469106933215816,24.283748532510714
20,3126290,2022-01-03,49.2764624,-0.7024738,Bayeux,2022-01-10,88,6.86,100,0.97,1.0,11.66,11.18,0.9,0.88,0.5092798812175204,1.0,0.5,0.7375079063883618,0.7369808833223467,-0.0476788640087384,4.31608980691949,79.42857142857143,9.101428571428572,87.14285714285714,0.6928571428571428,7.97,4.775714285714286,4.12,3.469106933215816,24.283748532510714
21,17564290,2022-01-03,49.4938975,0.1079732,Le Havre,2022-01-04,85,10.74,100,1.0,0.44,9.52,6.65,12.61,0.9444444444444444,0.8537360890302067,1.0,0.2972972972972973,0.5369430344049633,0.39372409709887507,-0.319078947368421,3.7070660149073653,78.85714285714286,10.44,82.85714285714286,0.7342857142857142,8.082857142857142,4.671428571428572,5.761428571428572,3.391900211289297,23.743301479025078
22,17564290,2022-01-03,49.4938975,0.1079732,Le Havre,2022-01-05,63,10.47,56,0.6,0.6,7.01,2.93,0.24,0.6363636363636364,0.5185735512630015,0.56,0.5172413793103449,0.5925612848689772,0.2774621212121212,-0.007864554888039322,3.094337418130042,78.85714285714286,10.44,82.85714285714286,0.7342857142857142,8.082857142857142,4.671428571428572,5.761428571428572,3.391900211289297,23.743301479025078
23,17564290,2022-01-03,49.4938975,0.1079732,Le Havre,2022-01-06,67,10.5,26,0.9,0.71,5.5,1.45,1.42,0.7127659574468085,0.6730769230769231,0.26,0.4965034965034965,0.6037321624588364,0.18518518518518517,-0.9,2.0312637246712497,78.85714285714286,10.44,82.85714285714286,0.7342857142857142,8.082857142857142,4.671428571428572,5.761428571428572,3.391900211289297,23.743301479025078
24,17564290,2022-01-03,49.4938975,0.1079732,Le Havre,2022-01-07,68,11.15,98,1.0,0.39,7.7,2.91,9.12,0.7157894736842105,0.8576923076923078,0.98,0.2932330827067669,0.6943192064923355,0.2833495618305745,-0.9020771513353115,2.9223064810708834,78.85714285714286,10.44,82.85714285714286,0.7342857142857142,8.082857142857142,4.671428571428572,5.761428571428572,3.391900211289297,23.743301479025078
25,17564290,2022-01-03,49.4938975,0.1079732,Le Havre,2022-01-08,88,12.53,100,1.0,1.0,8.88,4.22,4.66,0.9263157894736842,0.8460499662390276,1.0,0.5,0.7557446808510639,0.37949640287769787,-0.37013502779984114,4.037471811641632,78.85714285714286,10.44,82.85714285714286,0.7342857142857142,8.082857142857142,4.671428571428572,5.761428571428572,3.391900211289297,23.743301479025078
26,17564290,2022-01-03,49.4938975,0.1079732,Le Havre,2022-01-09,89,10.71,100,1.0,1.0,7.08,4.1,10.95,0.89,0.7880794701986755,1.0,0.5,0.5514018691588786,0.3399668325041459,-0.3611477572559367,3.708300414605763,78.85714285714286,10.44,82.85714285714286,0.7342857142857142,8.082857142857142,4.671428571428572,5.761428571428572,3.391900211289297,23.743301479025078
27,17564290,2022-01-03,49.4938975,0.1079732,Le Havre,2022-01-10,92,6.98,100,1.0,1.0,10.89,10.44,1.33,0.92,0.51818856718634,1.0,0.5,0.6888045540796964,0.6882003955174687,-0.0726379027853632,4.242555613998142,78.85714285714286,10.44,82.85714285714286,0.7342857142857142,8.082857142857142,4.671428571428572,5.761428571428572,3.391900211289297,23.743301479025078
28,281721777,2022-01-03,49.4404591,1.0939658,Rouen,2022-01-04,85,8.26,100,1.0,0.39,9.63,7.56,9.8,0.9444444444444444,0.656597774244833,1.0,0.26351351351351354,0.5431472081218275,0.4476021314387211,-0.2479757085020243,3.6073293632613153,82.28571428571429,7.011428571428572,73.42857142857143,0.74,7.340000000000001,4.221428571428571,3.9057142857142857,3.185791330189349,22.30053931132544
29,281721777,2022-01-03,49.4404591,1.0939658,Rouen,2022-01-05,69,5.64,8,0.44,0.59,6.22,2.59,0.0,0.696969696969697,0.2793462109955423,0.08,0.5086206896551724,0.5257819103972949,0.2452651515151515,-0.0,2.3359836595328582,82.28571428571429,7.011428571428572,73.42857142857143,0.74,7.340000000000001,4.221428571428571,3.9057142857142857,3.185791330189349,22.30053931132544
30,281721777,2022-01-03,49.4404591,1.0939658,Rouen,2022-01-06,70,6.34,9,0.55,0.69,4.78,1.43,0.31,0.7446808510638298,0.4064102564102564,0.09,0.4825174825174825,0.5246981339187706,0.18263090676883778,-0.12007042253521129,2.3108672081439656,82.28571428571429,7.011428571428572,73.42857142857143,0.74,7.340000000000001,4.221428571428571,3.9057142857142857,3.185791330189349,22.30053931132544
31,281721777,2022-01-03,49.4404591,1.0939658,Rouen,2022-01-07,81,8.16,97,1.0,0.51,6.07,1.52,6.17,0.8526315789473684,0.6276923076923077,0.97,0.38345864661654133,0.5473399458972047,0.14800389483933787,-0.6102868447082097,2.9188395292845506,82.28571428571429,7.011428571428572,73.42857142857143,0.74,7.340000000000001,4.221428571428571,3.9057142857142857,3.185791330189349,22.30053931132544
32,281721777,2022-01-03,49.4404591,1.0939658,Rouen,2022-01-08,91,9.71,100,1.0,1.0,6.31,1.68,3.39,0.9578947368421052,0.6556380823767725,1.0,0.5,0.5370212765957446,0.1510791366906475,-0.2692613185067514,3.5323719139985186,82.28571428571429,7.011428571428572,73.42857142857143,0.74,7.340000000000001,4.221428571428571,3.9057142857142857,3.185791330189349,22.30053931132544
33,281721777,2022-01-03,49.4404591,1.0939658,Rouen,2022-01-09,86,6.23,100,1.0,1.0,6.79,3.52,4.97,0.86,0.4584253127299485,1.0,0.5,0.528816199376947,0.29187396351575456,-0.16391820580474933,3.4751972698179006,82.28571428571429,7.011428571428572,73.42857142857143,0.74,7.340000000000001,4.221428571428571,3.9057142857142857,3.185791330189349,22.30053931132544
34,281721777,2022-01-03,49.4404591,1.0939658,Rouen,2022-01-10,94,4.74,100,0.99,1.0,11.58,11.25,2.7,0.94,0.3518930957683742,1.0,0.5,0.7324478178368121,0.7415952537903757,-0.14598580010922996,4.119950367286332,82.28571428571429,7.011428571428572,73.42857142857143,0.74,7.340000000000001,4.221428571428571,3.9057142857142857,3.185791330189349,22.30053931132544
35,281739181,2022-01-03,48.8588897,2.3200410217200766,Paris,2022-01-04,78,7.03,100,1.0,0.24,9.79,8.27,13.92,0.8666666666666667,0.5588235294117647,1.0,0.16216216216216217,0.5521714608009024,0.48963883955002957,-0.3522267206477733,3.2772359379437526,77.42857142857143,5.694285714285714,75.14285714285714,0.7428571428571429,6.577142857142857,3.8028571428571425,4.024285714285715,3.0208876771468405,21.146213740027882
36,281739181,2022-01-03,48.8588897,2.3200410217200766,Paris,2022-01-05,64,6.45,7,0.75,0.6,5.22,1.94,0.0,0.6464646464646465,0.31946508172362553,0.07,0.5172413793103449,0.441251056635672,0.1837121212121212,-0.0,2.17813428534641,77.42857142857143,5.694285714285714,75.14285714285714,0.7428571428571429,6.577142857142857,3.8028571428571425,4.024285714285715,3.0208876771468405,21.146213740027882
37,281739181,2022-01-03,48.8588897,2.3200410217200766,Paris,2022-01-06,66,4.36,21,0.0,0.79,4.67,1.86,0.0,0.7021276595744681,0.2794871794871795,0.21,0.5524475524475525,0.5126234906695939,0.23754789272030652,-0.0,2.494233774899101,77.42857142857143,5.694285714285714,75.14285714285714,0.7428571428571429,6.577142857142857,3.8028571428571425,4.024285714285715,3.0208876771468405,21.146213740027882
38,281739181,2022-01-03,48.8588897,2.3200410217200766,Paris,2022-01-07,83,5.32,98,1.0,0.57,6.18,2.78,2.33,0.8736842105263158,0.40923076923076923,0.98,0.4285714285714285,0.5572587917042381,0.2706913339824732,-0.23046488625123643,3.2889716477639883,77.42857142857143,5.694285714285714,75.14285714285714,0.7428571428571429,6.577142857142857,3.8028571428571425,4.024285714285715,3.0208876771468405,21.146213740027882
39,281739181,2022-01-03,48.8588897,2.3200410217200766,Paris,2022-01-08,78,7.48,100,1.0,1.0,5.65,1.41,5.11,0.8210526315789474,0.5050641458474004,1.0,0.5,0.48085106382978726,0.12679856115107913,-0.40587768069896746,3.027888721708247,77.42857142857143,5.694285714285714,75.14285714285714,0.7428571428571429,6.577142857142857,3.8028571428571425,4.024285714285715,3.0208876771468405,21.146213740027882
40,281739181,2022-01-03,48.8588897,2.3200410217200766,Paris,2022-01-09,79,5.38,100,0.99,1.0,6.87,4.14,3.09,0.79,0.3958793230316409,1.0,0.5,0.5350467289719626,0.3432835820895522,-0.1008937994722955,3.46331583462086,77.42857142857143,5.694285714285714,75.14285714285714,0.7428571428571429,6.577142857142857,3.8028571428571425,4.024285714285715,3.0208876771468405,21.146213740027882
41,281739181,2022-01-03,48.8588897,2.3200410217200766,Paris,2022-01-10,94,3.84,100,1.0,1.0,7.66,6.22,3.72,0.94,0.28507795100222716,1.0,0.5,0.4845034788108792,0.4100197758734344,-0.20316766794101587,3.4164335377455246,77.42857142857143,5.694285714285714,75.14285714285714,0.7428571428571429,6.577142857142857,3.8028571428571425,4.024285714285715,3.0208876771468405,21.146213740027882
42,281746639,2022-01-03,49.8941708,2.2956951,Amiens,2022-01-04,85,7.31,100,1.0,0.33,9.2,7.22,13.33,0.9444444444444444,0.581081081081081,1.0,0.222972972972973,0.5188945290468132,0.4274718768502072,-0.3372975708502024,3.3575673335453162,82.0,7.618571428571428,73.0,0.72,6.371428571428572,2.9214285714285713,4.3,3.0293338884341674,21.205337219039173
43,281746639,2022-01-03,49.8941708,2.2956951,Amiens,2022-01-05,75,5.88,7,0.81,0.45,4.32,0.27,0.0,0.7575757575757576,0.29123328380386326,0.07,0.3879310344827587,0.36517328825021134,0.02556818181818182,-0.0,1.8974815459307728,82.0,7.618571428571428,73.0,0.72,6.371428571428572,2.9214285714285713,4.3,3.0293338884341674,21.205337219039173
44,281746639,2022-01-03,49.8941708,2.2956951,Amiens,2022-01-06,69,7.03,9,0.31,0.71,4.56,0.92,0.0,0.7340425531914894,0.45064102564102565,0.09,0.4965034965034965,0.5005488474204172,0.11749680715197958,-0.0,2.389232729908408,82.0,7.618571428571428,73.0,0.72,6.371428571428572,2.9214285714285713,4.3,3.0293338884341674,21.205337219039173
45,281746639,2022-01-03,49.8941708,2.2956951,Amiens,2022-01-07,89,10.7,98,1.0,0.55,5.88,1.58,5.17,0.9368421052631579,0.823076923076923,0.98,0.4135338345864662,0.5302073940486925,0.15384615384615385,-0.5113748763600395,3.326131534461354,82.0,7.618571428571428,73.0,0.72,6.371428571428572,2.9214285714285713,4.3,3.0293338884341674,21.205337219039173
46,281746639,2022-01-03,49.8941708,2.2956951,Amiens,2022-01-08,86,10.61,100,1.0,1.0,5.86,0.88,8.39,0.9052631578947369,0.7164078325455773,1.0,0.5,0.4987234042553192,0.07913669064748202,-0.6664019062748213,3.0331291790682937,82.0,7.618571428571428,73.0,0.72,6.371428571428572,2.9214285714285713,4.3,3.0293338884341674,21.205337219039173
47,281746639,2022-01-03,49.8941708,2.2956951,Amiens,2022-01-09,72,5.81,97,0.46,1.0,6.97,4.34,1.67,0.72,0.4275202354672553,0.97,0.5,0.5428348909657321,0.3598673300165837,-0.02533641160949868,3.4948860448400727,82.0,7.618571428571428,73.0,0.72,6.371428571428572,2.9214285714285713,4.3,3.0293338884341674,21.205337219039173
48,281746639,2022-01-03,49.8941708,2.2956951,Amiens,2022-01-10,98,5.99,100,0.68,1.0,7.81,5.24,1.54,0.98,0.4446919079435783,1.0,0.5,0.49399114484503476,0.34541858932102837,-0.05719279082468597,3.7069088512849557,82.0,7.618571428571428,73.0,0.72,6.371428571428572,2.9214285714285713,4.3,3.0293338884341674,21.205337219039173
49,282028769,2022-01-03,50.6365654,3.0635282,Lille,2022-01-04,82,6.1,100,0.89,0.31,8.55,6.53,8.1,0.9111111111111111,0.48489666136724957,1.0,0.20945945945945946,0.48223350253807107,0.38661930136175254,-0.18241396761133602,3.2919060682263077,79.14285714285714,7.198571428571428,69.14285714285714,0.6214285714285713,5.87,2.14,3.1614285714285715,2.778958569356671,19.452709985496696
50,282028769,2022-01-03,50.6365654,3.0635282,Lille,2022-01-05,70,5.84,50,0.49,0.1,4.84,0.9,0.0,0.7070707070707071,0.28925210500247645,0.5,0.08620689655172414,0.40912933220625525,0.08522727272727272,-0.0,2.0768863135584357,79.14285714285714,7.198571428571428,69.14285714285714,0.6214285714285713,5.87,2.14,3.1614285714285715,2.778958569356671,19.452709985496696
51,282028769,2022-01-03,50.6365654,3.0635282,Lille,2022-01-06,66,7.32,7,0.33,0.62,4.67,1.19,0.15,0.7021276595744681,0.4692307692307693,0.07,0.4335664335664336,0.5126234906695939,0.15197956577266922,-0.03485915492957747,2.3046687638843566,79.14285714285714,7.198571428571428,69.14285714285714,0.6214285714285713,5.87,2.14,3.1614285714285715,2.778958569356671,19.452709985496696
52,282028769,2022-01-03,50.6365654,3.0635282,Lille,2022-01-07,84,7.59,95,1.0,0.32,6.24,2.2,10.11,0.8842105263157894,0.5838461538461538,0.95,0.24060150375939848,0.5626690712353472,0.2142161635832522,-1.0,2.435543418739941,79.14285714285714,7.198571428571428,69.14285714285714,0.6214285714285713,5.87,2.14,3.1614285714285715,2.778958569356671,19.452709985496696
53,282028769,2022-01-03,50.6365654,3.0635282,Lille,2022-01-08,86,10.29,99,1.0,1.0,4.58,-0.82,2.89,0.9052631578947369,0.6948008102633355,0.99,0.5,0.3897872340425532,-0.0737410071942446,-0.22954725972994441,3.176562935276437,79.14285714285714,7.198571428571428,69.14285714285714,0.6214285714285713,5.87,2.14,3.1614285714285715,2.778958569356671,19.452709985496696
54,282028769,2022-01-03,50.6365654,3.0635282,Lille,2022-01-09,73,6.04,33,0.43,1.0,5.82,2.47,0.0,0.73,0.4444444444444445,0.33,0.5,0.45327102803738323,0.20480928689883915,-0.0,2.6625247593806662,79.14285714285714,7.198571428571428,69.14285714285714,0.6214285714285713,5.87,2.14,3.1614285714285715,2.778958569356671,19.452709985496696
55,282028769,2022-01-03,50.6365654,3.0635282,Lille,2022-01-10,93,7.21,100,0.63,1.0,6.39,2.51,0.88,0.93,0.5352635486265775,1.0,0.5,0.4041745730550284,0.16545814106789716,-0.030278536318951395,3.504617726430552,79.14285714285714,7.198571428571428,69.14285714285714,0.6214285714285713,5.87,2.14,3.1614285714285715,2.778958569356671,19.452709985496696
56,121990,2022-01-03,48.584614,7.7507127,Strasbourg,2022-01-04,76,8.54,100,1.0,0.12,13.18,12.54,20.0,0.8444444444444444,0.6788553259141493,1.0,0.08108108108108109,0.7433728144388042,0.7424511545293072,-0.5060728744939271,3.584131945913859,70.28571428571429,5.744285714285715,67.57142857142857,0.7142857142857143,5.288571428571428,2.6785714285714284,4.862857142857143,2.671515614335669,18.700609300349683
57,121990,2022-01-03,48.584614,7.7507127,Strasbourg,2022-01-05,63,5.68,70,1.0,0.57,3.84,-0.24,4.8,0.6363636363636364,0.2813273897969291,0.7,0.49137931034482757,0.3245984784446323,-0.022727272727272724,-0.2621518296013108,2.1487897126214417,70.28571428571429,5.744285714285715,67.57142857142857,0.7142857142857143,5.288571428571428,2.6785714285714284,4.862857142857143,2.671515614335669,18.700609300349683
58,121990,2022-01-03,48.584614,7.7507127,Strasbourg,2022-01-06,72,2.19,51,0.43,0.67,4.06,4.06,0.13,0.7659574468085106,0.14038461538461539,0.51,0.4685314685314686,0.4456641053787047,0.5185185185185185,-0.03936619718309859,2.8096899574387195,70.28571428571429,5.744285714285715,67.57142857142857,0.7142857142857143,5.288571428571428,2.6785714285714284,4.862857142857143,2.671515614335669,18.700609300349683
59,121990,2022-01-03,48.584614,7.7507127,Strasbourg,2022-01-07,65,4.96,100,0.96,0.64,2.83,-1.15,0.21,0.6842105263157895,0.38153846153846155,1.0,0.48120300751879697,0.2551848512173129,-0.11197663096397273,-0.019940652818991097,2.670219562807397,70.28571428571429,5.744285714285715,67.57142857142857,0.7142857142857143,5.288571428571428,2.6785714285714284,4.862857142857143,2.671515614335669,18.700609300349683
60,121990,2022-01-03,48.584614,7.7507127,Strasbourg,2022-01-08,64,8.22,26,0.65,1.0,3.87,0.27,0.44,0.6736842105263158,0.5550303848750844,0.26,0.5,0.3293617021276596,0.024280575539568347,-0.0227164416203336,2.3196404314482946,70.28571428571429,5.744285714285715,67.57142857142857,0.7142857142857143,5.288571428571428,2.6785714285714284,4.862857142857143,2.671515614335669,18.700609300349683
61,121990,2022-01-03,48.584614,7.7507127,Strasbourg,2022-01-09,83,7.38,100,1.0,1.0,4.4,1.13,8.46,0.83,0.543046357615894,1.0,0.5,0.34267912772585674,0.09369817578772802,-0.279023746701847,3.030399914427632,70.28571428571429,5.744285714285715,67.57142857142857,0.7142857142857143,5.288571428571428,2.6785714285714284,4.862857142857143,2.671515614335669,18.700609300349683
62,121990,2022-01-03,48.584614,7.7507127,Strasbourg,2022-01-10,69,3.24,26,0.0,1.0,4.84,2.14,0.0,0.69,0.24053452115812918,0.26,0.5,0.3061353573687539,0.14106789716545814,-0.0,2.137737775692341,70.28571428571429,5.744285714285715,67.57142857142857,0.7142857142857143,5.288571428571428,2.6785714285714284,4.862857142857143,2.671515614335669,18.700609300349683
63,117144990,2022-01-03,48.249489800000006,7.34429620253195,Chateau du Haut Koenigsbourg,2022-01-04,79,8.22,100,1.0,0.28,10.24,9.38,30.43,0.8777777777777778,0.6534181240063593,1.0,0.1891891891891892,0.577552171460801,0.5553582001184133,-0.76998987854251,3.0833055840100303,75.28571428571429,3.782857142857143,83.42857142857143,0.6971428571428572,1.9728571428571429,-0.36571428571428566,6.477142857142857,2.153158489597122,15.072109427179853
64,117144990,2022-01-03,48.249489800000006,7.34429620253195,Chateau du Haut Koenigsbourg,2022-01-05,69,3.76,78,1.0,0.58,-0.09,-4.2,7.24,0.696969696969697,0.18623080733036154,0.78,0.5,-0.007607776838546069,-0.3977272727272727,-0.3954123429819771,1.3624531117522625,75.28571428571429,3.782857142857143,83.42857142857143,0.6971428571428572,1.9728571428571429,-0.36571428571428566,6.477142857142857,2.153158489597122,15.072109427179853
65,117144990,2022-01-03,48.249489800000006,7.34429620253195,Chateau du Haut Koenigsbourg,2022-01-06,74,1.1,91,0.38,0.32,0.52,0.52,0.0,0.7872340425531915,0.07051282051282053,0.91,0.2237762237762238,0.0570801317233809,0.06641123882503193,-0.0,2.1150144573906484,75.28571428571429,3.782857142857143,83.42857142857143,0.6971428571428572,1.9728571428571429,-0.36571428571428566,6.477142857142857,2.153158489597122,15.072109427179853
66,117144990,2022-01-03,48.249489800000006,7.34429620253195,Chateau du Haut Koenigsbourg,2022-01-07,70,2.15,100,0.92,0.7,0.24,-2.25,0.0,0.7368421052631579,0.16538461538461538,1.0,0.5263157894736842,0.021641118124436427,-0.21908471275559885,-0.0,2.2310989154902945,75.28571428571429,3.782857142857143,83.42857142857143,0.6971428571428572,1.9728571428571429,-0.36571428571428566,6.477142857142857,2.153158489597122,15.072109427179853
67,117144990,2022-01-03,48.249489800000006,7.34429620253195,Chateau du Haut Koenigsbourg,2022-01-08,66,4.48,64,0.64,1.0,0.57,-2.71,0.0,0.6947368421052632,0.3024983119513842,0.64,0.5,0.04851063829787234,-0.24370503597122303,-0.0,1.9420407563832967,75.28571428571429,3.782857142857143,83.42857142857143,0.6971428571428572,1.9728571428571429,-0.36571428571428566,6.477142857142857,2.153158489597122,15.072109427179853
68,117144990,2022-01-03,48.249489800000006,7.34429620253195,Chateau du Haut Koenigsbourg,2022-01-09,93,4.76,100,1.0,1.0,0.55,-2.91,7.51,0.93,0.3502575423105224,1.0,0.5,0.04283489096573209,-0.24129353233830847,-0.24769129287598943,2.3341076080619567,75.28571428571429,3.782857142857143,83.42857142857143,0.6971428571428572,1.9728571428571429,-0.36571428571428566,6.477142857142857,2.153158489597122,15.072109427179853
69,117144990,2022-01-03,48.249489800000006,7.34429620253195,Chateau du Haut Koenigsbourg,2022-01-10,76,2.01,51,0.23,1.0,1.78,-0.39,0.16,0.76,0.14922048997772827,0.51,0.5,0.11258697027197975,-0.025708635464733027,-0.0020098306936100494,2.004088994091365,75.28571428571429,3.782857142857143,83.42857142857143,0.6971428571428572,1.9728571428571429,-0.36571428571428566,6.477142857142857,2.153158489597122,15.072109427179853
70,281826068,2022-01-03,48.111095000000006,7.363622702110888,Colmar,2022-01-04,80,9.4,100,1.0,0.28,13.21,12.68,34.62,0.8888888888888888,0.7472178060413355,1.0,0.1891891891891892,0.7450648618161309,0.7507400828892835,-0.8760121457489877,3.44508868307584,73.28571428571429,4.305714285714286,79.71428571428571,0.6971428571428572,5.2057142857142855,3.2600000000000002,7.132857142857143,2.693970115528827,18.85779080870179
71,281826068,2022-01-03,48.111095000000006,7.363622702110888,Colmar,2022-01-05,65,3.62,80,1.0,0.58,3.44,0.19,6.62,0.6565656565656566,0.17929668152550768,0.8,0.5,0.29078613693998306,0.01799242424242424,-0.3615510649918078,2.083089834281764,73.28571428571429,4.305714285714286,79.71428571428571,0.6971428571428572,5.2057142857142855,3.2600000000000002,7.132857142857143,2.693970115528827,18.85779080870179
72,281826068,2022-01-03,48.111095000000006,7.363622702110888,Colmar,2022-01-06,75,1.31,87,0.37,0.32,3.28,3.28,0.11,0.7978723404255319,0.08397435897435898,0.87,0.2237762237762238,0.3600439077936334,0.4189016602809706,-0.028661971830985917,2.7259065194197327,73.28571428571429,4.305714285714286,79.71428571428571,0.6971428571428572,5.2057142857142855,3.2600000000000002,7.132857142857143,2.693970115528827,18.85779080870179
73,281826068,2022-01-03,48.111095000000006,7.363622702110888,Colmar,2022-01-07,64,2.96,100,0.91,0.7,3.74,1.23,0.0,0.6736842105263158,0.2276923076923077,1.0,0.5263157894736842,0.3372407574391344,0.11976630963972737,-0.0,2.8846993747711696,73.28571428571429,4.305714285714286,79.71428571428571,0.6971428571428572,5.2057142857142855,3.2600000000000002,7.132857142857143,2.693970115528827,18.85779080870179
74,281826068,2022-01-03,48.111095000000006,7.363622702110888,Colmar,2022-01-08,64,5.26,34,0.6,1.0,4.01,1.06,0.41,0.6736842105263158,0.35516542876434837,0.34,0.5,0.34127659574468083,0.09532374100719426,-0.01953931691818904,2.28591065912435,73.28571428571429,4.305714285714286,79.71428571428571,0.6971428571428572,5.2057142857142855,3.2600000000000002,7.132857142857143,2.693970115528827,18.85779080870179
75,281826068,2022-01-03,48.111095000000006,7.363622702110888,Colmar,2022-01-09,93,5.27,100,1.0,1.0,3.78,1.34,8.06,0.93,0.38778513612950694,1.0,0.5,0.29439252336448596,0.11111111111111112,-0.2658311345646438,2.95745763604046,73.28571428571429,4.305714285714286,79.71428571428571,0.6971428571428572,5.2057142857142855,3.2600000000000002,7.132857142857143,2.693970115528827,18.85779080870179
76,281826068,2022-01-03,48.111095000000006,7.363622702110888,Colmar,2022-01-10,72,2.32,57,0.33,1.0,4.98,3.04,0.11,0.72,0.1722345953971789,0.57,0.5,0.31499051233396586,0.2003955174686882,-0.001982523211359913,2.475638101988473,73.28571428571429,4.305714285714286,79.71428571428571,0.6971428571428572,5.2057142857142855,3.2600000000000002,7.132857142857143,2.693970115528827,18.85779080870179
77,282202896,2022-01-03,48.0377622,7.317521300603902,Eguisheim,2022-01-04,81,9.7,100,1.0,0.28,13.05,12.53,39.52,0.9,0.7710651828298887,1.0,0.1891891891891892,0.7360406091370558,0.7418590882178804,-1.0,3.3381540693740135,73.28571428571429,4.184285714285714,77.57142857142857,0.6971428571428572,5.182857142857143,3.424285714285714,7.9071428571428575,2.6604388447589096,18.623071913312366
78,282202896,2022-01-03,48.0377622,7.317521300603902,Eguisheim,2022-01-05,64,3.24,80,1.0,0.58,3.48,0.54,6.45,0.6464646464646465,0.16047548291233285,0.8,0.5,0.294167371090448,0.05113636363636364,-0.35226652102676137,2.0999773430770294,73.28571428571429,4.184285714285714,77.57142857142857,0.6971428571428572,5.182857142857143,3.424285714285714,7.9071428571428575,2.6604388447589096,18.623071913312366
79,282202896,2022-01-03,48.0377622,7.317521300603902,Eguisheim,2022-01-06,76,1.49,79,0.36,0.32,3.07,3.07,0.0,0.8085106382978723,0.09551282051282052,0.79,0.2237762237762238,0.3369923161361142,0.3920817369093231,-0.0,2.646873735632354,73.28571428571429,4.184285714285714,77.57142857142857,0.6971428571428572,5.182857142857143,3.424285714285714,7.9071428571428575,2.6604388447589096,18.623071913312366
80,282202896,2022-01-03,48.0377622,7.317521300603902,Eguisheim,2022-01-07,61,2.67,100,0.91,0.7,4.09,2.1,0.23,0.6421052631578947,0.2053846153846154,1.0,0.5263157894736842,0.36880072137060416,0.20447906523855894,-0.020702274975272012,2.926383179650086,73.28571428571429,4.184285714285714,77.57142857142857,0.6971428571428572,5.182857142857143,3.424285714285714,7.9071428571428575,2.6604388447589096,18.623071913312366
81,282202896,2022-01-03,48.0377622,7.317521300603902,Eguisheim,2022-01-08,63,4.85,22,0.63,1.0,4.02,1.17,0.68,0.6631578947368421,0.3274814314652262,0.22,0.5,0.34212765957446806,0.1052158273381295,-0.03402700555996823,2.123955807554698,73.28571428571429,4.184285714285714,77.57142857142857,0.6971428571428572,5.182857142857143,3.424285714285714,7.9071428571428575,2.6604388447589096,18.623071913312366
82,282202896,2022-01-03,48.0377622,7.317521300603902,Eguisheim,2022-01-09,95,5.03,99,1.0,1.0,3.69,1.63,8.37,0.95,0.37012509197939664,0.99,0.5,0.28738317757009346,0.1351575456053068,-0.27605540897097625,2.9566104061838208,73.28571428571429,4.184285714285714,77.57142857142857,0.6971428571428572,5.182857142857143,3.424285714285714,7.9071428571428575,2.6604388447589096,18.623071913312366
83,282202896,2022-01-03,48.0377622,7.317521300603902,Eguisheim,2022-01-10,73,2.31,63,0.4,1.0,4.88,2.93,0.1,0.73,0.1714922048997773,0.63,0.5,0.30866540164452877,0.1931443638760712,-0.0021845985800109237,2.531117371840366,73.28571428571429,4.184285714285714,77.57142857142857,0.6971428571428572,5.182857142857143,3.424285714285714,7.9071428571428575,2.6604388447589096,18.623071913312366
84,122417,2022-01-03,47.2380222,6.0243622,Besancon,2022-01-04,73,9.1,100,1.0,0.36,12.45,11.66,14.74,0.8111111111111111,0.7233704292527822,1.0,0.24324324324324323,0.7021996615905245,0.6903493191237419,-0.3729757085020243,3.797298055819378,81.57142857142857,5.08,96.28571428571429,0.7657142857142857,4.5128571428571425,1.997142857142857,6.954285714285715,2.7929978928792303,19.55098525015461
85,122417,2022-01-03,47.2380222,6.0243622,Besancon,2022-01-05,81,4.37,81,1.0,0.62,2.4,-0.98,9.73,0.8181818181818182,0.21644378405151063,0.81,0.5344827586206897,0.20287404902789516,-0.0928030303030303,-0.5314036045876571,1.9577757749912263,81.57142857142857,5.08,96.28571428571429,0.7657142857142857,4.5128571428571425,1.997142857142857,6.954285714285715,2.7929978928792303,19.55098525015461
86,122417,2022-01-03,47.2380222,6.0243622,Besancon,2022-01-06,78,3.68,100,0.32,0.6,1.9,-1.63,0.0,0.8297872340425532,0.23589743589743592,1.0,0.4195804195804196,0.20856201975850713,-0.2081736909323116,-0.0,2.4856534183466037,81.57142857142857,5.08,96.28571428571429,0.7657142857142857,4.5128571428571425,1.997142857142857,6.954285714285715,2.7929978928792303,19.55098525015461
87,122417,2022-01-03,47.2380222,6.0243622,Besancon,2022-01-07,65,4.34,99,1.0,0.78,3.31,-0.19,0.2,0.6842105263157895,0.33384615384615385,0.99,0.5864661654135338,0.2984670874661858,-0.018500486854917234,-0.019782393669634028,2.854707052517112,81.57142857142857,5.08,96.28571428571429,0.7657142857142857,4.5128571428571425,1.997142857142857,6.954285714285715,2.7929978928792303,19.55098525015461
88,122417,2022-01-03,47.2380222,6.0243622,Besancon,2022-01-08,90,6.98,96,0.95,1.0,3.04,-0.42,3.31,0.9473684210526315,0.4713031735313977,0.96,0.5,0.25872340425531914,-0.03776978417266187,-0.24976171564733912,2.8498634990193477,81.57142857142857,5.08,96.28571428571429,0.7657142857142857,4.5128571428571425,1.997142857142857,6.954285714285715,2.7929978928792303,19.55098525015461
89,122417,2022-01-03,47.2380222,6.0243622,Besancon,2022-01-09,99,5.76,100,1.0,1.0,3.26,0.31,20.22,0.99,0.423841059602649,1.0,0.5,0.2538940809968847,0.025704809286898837,-0.66688654353562,2.5265534063508124,81.57142857142857,5.08,96.28571428571429,0.7657142857142857,4.5128571428571425,1.997142857142857,6.954285714285715,2.7929978928792303,19.55098525015461
90,122417,2022-01-03,47.2380222,6.0243622,Besancon,2022-01-10,85,1.33,98,0.96,1.0,5.23,5.23,0.48,0.85,0.09873793615441723,0.98,0.5,0.3308032890575585,0.3447593935398814,-0.025166575641725832,3.0791340431101313,81.57142857142857,5.08,96.28571428571429,0.7657142857142857,4.5128571428571425,1.997142857142857,6.954285714285715,2.7929978928792303,19.55098525015461
91,120864,2022-01-03,47.3215806,5.0414701,Dijon,2022-01-04,85,8.82,100,1.0,0.59,10.9,10.27,24.4,0.9444444444444444,0.7011128775834659,1.0,0.39864864864864863,0.6147772137619854,0.6080521018354055,-0.617408906882591,3.6496263793913593,86.42857142857143,5.655714285714287,82.42857142857143,0.8128571428571428,3.994285714285714,1.06,6.378571428571428,2.727192749355381,19.090349245487666
92,120864,2022-01-03,47.3215806,5.0414701,Dijon,2022-01-05,72,6.4,41,1.0,0.67,2.7,-1.86,5.05,0.7272727272727273,0.316988608221892,0.41,0.5775862068965518,0.2282333051563821,-0.17613636363636365,-0.275805570726379,1.8081389131848105,86.42857142857143,5.655714285714287,82.42857142857143,0.8128571428571428,3.994285714285714,1.06,6.378571428571428,2.727192749355381,19.090349245487666
93,120864,2022-01-03,47.3215806,5.0414701,Dijon,2022-01-06,77,4.44,52,0.0,0.7,3.11,-0.72,0.0,0.8191489361702128,0.28461538461538466,0.52,0.4895104895104895,0.3413830954994512,-0.09195402298850575,-0.0,2.362703882807032,86.42857142857143,5.655714285714287,82.42857142857143,0.8128571428571428,3.994285714285714,1.06,6.378571428571428,2.727192749355381,19.090349245487666
94,120864,2022-01-03,47.3215806,5.0414701,Dijon,2022-01-07,95,3.96,97,0.99,0.73,1.3,-2.66,0.0,1.0,0.3046153846153846,0.97,0.5488721804511277,0.11722272317403067,-0.2590068159688413,-0.0,2.681703472271702,86.42857142857143,5.655714285714287,82.42857142857143,0.8128571428571428,3.994285714285714,1.06,6.378571428571428,2.727192749355381,19.090349245487666
95,120864,2022-01-03,47.3215806,5.0414701,Dijon,2022-01-08,81,7.91,87,1.0,1.0,2.88,-1.41,1.53,0.8526315789473684,0.5340985820391627,0.87,0.5,0.2451063829787234,-0.12679856115107913,-0.12152501985702939,2.753512962957146,86.42857142857143,5.655714285714287,82.42857142857143,0.8128571428571428,3.994285714285714,1.06,6.378571428571428,2.727192749355381,19.090349245487666
96,120864,2022-01-03,47.3215806,5.0414701,Dijon,2022-01-09,99,6.37,100,1.0,1.0,3.35,0.08,12.61,0.99,0.4687270051508462,1.0,0.5,0.26090342679127726,0.006633499170812604,-0.4158970976253298,2.810366833487606,86.42857142857143,5.655714285714287,82.42857142857143,0.8128571428571428,3.994285714285714,1.06,6.378571428571428,2.727192749355381,19.090349245487666
97,120864,2022-01-03,47.3215806,5.0414701,Dijon,2022-01-10,96,1.69,100,0.72,1.0,3.72,3.72,1.06,0.96,0.12546399406087602,1.0,0.5,0.23529411764705882,0.24522083058668426,-0.04168214090660841,3.0242968013880107,86.42857142857143,5.655714285714287,82.42857142857143,0.8128571428571428,3.994285714285714,1.06,6.378571428571428,2.727192749355381,19.090349245487666
98,121462,2022-01-03,45.8992348,6.1288847,Annecy,2022-01-04,90,2.46,100,0.86,0.61,10.37,9.81,4.85,1.0,0.19554848966613672,1.0,0.41216216216216217,0.5848843767625493,0.5808170515097691,-0.10554149797570848,3.667870582124909,84.28571428571429,2.4757142857142855,91.85714285714286,0.7828571428571429,4.078571428571428,2.9314285714285715,3.43,2.7819984736083385,19.47398931525837
99,121462,2022-01-03,45.8992348,6.1288847,Annecy,2022-01-05,94,3.45,100,1.0,0.42,3.77,1.24,18.31,0.9494949494949495,0.17087667161961367,1.0,0.3620689655172414,0.31868131868131866,0.11742424242424242,-1.0,1.9185461477373655,84.28571428571429,2.4757142857142855,91.85714285714286,0.7828571428571429,4.078571428571428,2.9314285714285715,3.43,2.7819984736083385,19.47398931525837
100,121462,2022-01-03,45.8992348,6.1288847,Annecy,2022-01-06,71,3.27,71,0.19,0.7,2.14,-0.95,0.0,0.7553191489361702,0.20961538461538462,0.71,0.4895104895104895,0.23490669593852911,-0.12132822477650063,-0.0,2.278023494224073,84.28571428571429,2.4757142857142855,91.85714285714286,0.7828571428571429,4.078571428571428,2.9314285714285715,3.43,2.7819984736083385,19.47398931525837
101,121462,2022-01-03,45.8992348,6.1288847,Annecy,2022-01-07,63,1.18,100,0.91,0.75,2.63,2.63,0.0,0.6631578947368421,0.09076923076923077,1.0,0.5639097744360902,0.23715058611361586,0.2560856864654333,-0.0,2.811073172521213,84.28571428571429,2.4757142857142855,91.85714285714286,0.7828571428571429,4.078571428571428,2.9314285714285715,3.43,2.7819984736083385,19.47398931525837
102,121462,2022-01-03,45.8992348,6.1288847,Annecy,2022-01-08,76,2.09,74,0.98,1.0,2.91,2.91,0.0,0.8,0.14112086428089127,0.74,0.5,0.24765957446808512,0.2616906474820144,-0.0,2.690471086230991,84.28571428571429,2.4757142857142855,91.85714285714286,0.7828571428571429,4.078571428571428,2.9314285714285715,3.43,2.7819984736083385,19.47398931525837
103,121462,2022-01-03,45.8992348,6.1288847,Annecy,2022-01-09,100,2.84,100,1.0,1.0,2.79,2.79,0.85,1.0,0.20897718910963944,1.0,0.5,0.21728971962616822,0.23134328358208955,-0.028034300791556728,3.1295758915263403,84.28571428571429,2.4757142857142855,91.85714285714286,0.7828571428571429,4.078571428571428,2.9314285714285715,3.43,2.7819984736083385,19.47398931525837
104,121462,2022-01-03,45.8992348,6.1288847,Annecy,2022-01-10,96,2.04,98,1.0,1.0,3.94,2.09,0.0,0.96,0.1514476614699332,0.98,0.5,0.24920936116382036,0.13777191825972313,-0.0,2.9784289408934765,84.28571428571429,2.4757142857142855,91.85714285714286,0.7828571428571429,4.078571428571428,2.9314285714285715,3.43,2.7819984736083385,19.47398931525837
105,123256,2022-01-03,45.1875602,5.7357819,Grenoble,2022-01-04,69,2.72,100,0.2,1.0,15.47,14.87,0.0,0.7666666666666667,0.21621621621621623,1.0,0.6756756756756757,0.8725324309080654,0.8804026050917702,-0.0,4.411493594558394,86.85714285714286,2.6457142857142855,86.85714285714286,0.8828571428571428,5.494285714285715,3.9185714285714286,4.242857142857143,2.9697826214211083,20.78847834994776
106,123256,2022-01-03,45.1875602,5.7357819,Grenoble,2022-01-05,99,3.39,100,1.0,0.47,4.45,1.64,17.65,1.0,0.16790490341753342,1.0,0.4051724137931035,0.37616229923922234,0.15530303030303028,-0.9639541234298198,2.14058852332307,86.85714285714286,2.6457142857142855,86.85714285714286,0.8828571428571428,5.494285714285715,3.9185714285714286,4.242857142857143,2.9697826214211083,20.78847834994776
107,123256,2022-01-03,45.1875602,5.7357819,Grenoble,2022-01-06,82,3.37,30,0.4,0.87,1.98,-0.72,0.0,0.8723404255319149,0.21602564102564104,0.3,0.6083916083916084,0.21734357848518113,-0.09195402298850575,-0.0,2.12214723044584,86.85714285714286,2.6457142857142855,86.85714285714286,0.8828571428571428,5.494285714285715,3.9185714285714286,4.242857142857143,2.9697826214211083,20.78847834994776
108,123256,2022-01-03,45.1875602,5.7357819,Grenoble,2022-01-07,74,1.49,100,0.83,0.84,3.65,3.65,0.0,0.7789473684210526,0.11461538461538462,1.0,0.631578947368421,0.3291253381424707,0.35540408958130476,-0.0,3.2096711281286336,86.85714285714286,2.6457142857142855,86.85714285714286,0.8828571428571428,5.494285714285715,3.9185714285714286,4.242857142857143,2.9697826214211083,20.78847834994776
109,123256,2022-01-03,45.1875602,5.7357819,Grenoble,2022-01-08,84,2.65,90,0.74,1.0,3.94,1.51,0.13,0.8842105263157894,0.1789331532748143,0.9,0.5,0.3353191489361702,0.13579136690647484,-0.007640984908657666,2.9266132105245912,86.85714285714286,2.6457142857142855,86.85714285714286,0.8828571428571428,5.494285714285715,3.9185714285714286,4.242857142857143,2.9697826214211083,20.78847834994776
110,123256,2022-01-03,45.1875602,5.7357819,Grenoble,2022-01-09,100,1.98,100,1.0,1.0,4.24,4.24,11.92,1.0,0.1456953642384106,1.0,0.5,0.3302180685358256,0.351575456053068,-0.39313984168865435,2.93434904713865,86.85714285714286,2.6457142857142855,86.85714285714286,0.8828571428571428,5.494285714285715,3.9185714285714286,4.242857142857143,2.9697826214211083,20.78847834994776
111,123256,2022-01-03,45.1875602,5.7357819,Grenoble,2022-01-10,100,2.92,88,0.95,1.0,4.73,2.24,0.0,1.0,0.2167780252412769,0.88,0.5,0.2991777356103732,0.14765985497692816,-0.0,3.0436156158285788,86.85714285714286,2.6457142857142855,86.85714285714286,0.8828571428571428,5.494285714285715,3.9185714285714286,4.242857142857143,2.9697826214211083,20.78847834994776
112,281934488,2022-01-03,45.7578137,4.8320114,Lyon,2022-01-04,63,4.53,100,0.31,0.83,13.51,12.56,0.0,0.7,0.36009538950715425,1.0,0.5608108108108107,0.7619853355893965,0.7436352871521611,-0.0,4.126526823059522,72.28571428571429,4.0,95.57142857142857,0.8957142857142857,5.721428571428571,3.7871428571428574,4.5685714285714285,3.025195488418062,21.176368418926433
113,281934488,2022-01-03,45.7578137,4.8320114,Lyon,2022-01-05,63,6.74,85,1.0,0.67,4.54,0.06,8.26,0.6363636363636364,0.33382862803368,0.85,0.5775862068965518,0.38377007607776836,0.005681818181818181,-0.4511196067722556,2.3361107587811993,72.28571428571429,4.0,95.57142857142857,0.8957142857142857,5.721428571428571,3.7871428571428574,4.5685714285714285,3.025195488418062,21.176368418926433
114,281934488,2022-01-03,45.7578137,4.8320114,Lyon,2022-01-06,70,5.83,100,0.13,0.79,2.78,-1.68,0.0,0.7446808510638298,0.3737179487179487,1.0,0.5524475524475525,0.305159165751921,-0.21455938697318006,-0.0,2.761446131008072,72.28571428571429,4.0,95.57142857142857,0.8957142857142857,5.721428571428571,3.7871428571428574,4.5685714285714285,3.025195488418062,21.176368418926433
115,281934488,2022-01-03,45.7578137,4.8320114,Lyon,2022-01-07,53,1.21,98,0.79,0.98,4.8,4.8,0.26,0.5578947368421052,0.09307692307692307,0.98,0.7368421052631579,0.4328223624887286,0.4673807205452775,-0.020316518298714146,3.2477003299174783,72.28571428571429,4.0,95.57142857142857,0.8957142857142857,5.721428571428571,3.7871428571428574,4.5685714285714285,3.025195488418062,21.176368418926433
116,281934488,2022-01-03,45.7578137,4.8320114,Lyon,2022-01-08,68,3.46,86,0.77,1.0,4.92,4.01,0.42,0.7157894736842105,0.23362592842673868,0.86,0.5,0.4187234042553191,0.3606115107913669,-0.02568705321683876,3.0630632639407964,72.28571428571429,4.0,95.57142857142857,0.8957142857142857,5.721428571428571,3.7871428571428574,4.5685714285714285,3.025195488418062,21.176368418926433
117,281934488,2022-01-03,45.7578137,4.8320114,Lyon,2022-01-09,94,4.34,100,1.0,1.0,4.9,3.74,17.03,0.94,0.31935246504782927,1.0,0.5,0.3816199376947041,0.31011608623548925,-0.5616754617414248,2.889413027236598,72.28571428571429,4.0,95.57142857142857,0.8957142857142857,5.721428571428571,3.7871428571428574,4.5685714285714285,3.025195488418062,21.176368418926433
118,281934488,2022-01-03,45.7578137,4.8320114,Lyon,2022-01-10,95,1.89,100,1.0,1.0,4.6,3.02,6.01,0.95,0.14031180400890866,1.0,0.5,0.29095509171410494,0.1990771259063942,-0.3282359366466412,2.7521080849827664,72.28571428571429,4.0,95.57142857142857,0.8957142857142857,5.721428571428571,3.7871428571428574,4.5685714285714285,3.025195488418062,21.176368418926433
119,77029462,2022-01-03,43.7496562,6.3285616,Gorges du Verdon,2022-01-04,48,2.93,44,0.0,1.29,13.58,12.25,0.0,0.5333333333333333,0.23290937996820352,0.44,0.8716216216216216,0.7659334461364918,0.7252812314979278,-0.0,3.569079012557578,77.14285714285714,3.7328571428571427,57.285714285714285,1.49,5.402857142857143,3.4971428571428573,0.8828571428571428,3.1626782163858604,22.138747514701024
120,77029462,2022-01-03,43.7496562,6.3285616,Gorges du Verdon,2022-01-05,80,5.11,92,0.69,0.98,5.68,2.49,4.18,0.8080808080808081,0.2530955918771669,0.92,0.8448275862068966,0.4801352493660186,0.23579545454545456,-0.15752048061168758,3.384414209464657,77.14285714285714,3.7328571428571427,57.285714285714285,1.49,5.402857142857143,3.4971428571428573,0.8828571428571428,3.1626782163858604,22.138747514701024
121,77029462,2022-01-03,43.7496562,6.3285616,Gorges du Verdon,2022-01-06,94,3.1,70,0.73,1.07,3.56,3.56,0.0,1.0,0.19871794871794873,0.7,0.7482517482517483,0.39077936333699237,0.454661558109834,-0.0,3.4924106184165233,77.14285714285714,3.7328571428571427,57.285714285714285,1.49,5.402857142857143,3.4971428571428573,0.8828571428571428,3.1626782163858604,22.138747514701024
122,77029462,2022-01-03,43.7496562,6.3285616,Gorges du Verdon,2022-01-07,84,2.53,65,0.0,1.09,3.77,2.66,0.0,0.8842105263157894,0.1946153846153846,0.65,0.8195488721804511,0.33994589720468893,0.2590068159688413,-0.0,3.1473274962851554,77.14285714285714,3.7328571428571427,57.285714285714285,1.49,5.402857142857143,3.4971428571428573,0.8828571428571428,3.1626782163858604,22.138747514701024
123,77029462,2022-01-03,43.7496562,6.3285616,Gorges du Verdon,2022-01-08,77,2.98,5,0.03,2.0,2.76,-0.01,0.0,0.8105263157894737,0.2012153950033761,0.05,1.0,0.2348936170212766,-0.0008992805755395684,-0.0,2.295736047238587,77.14285714285714,3.7328571428571427,57.285714285714285,1.49,5.402857142857143,3.4971428571428573,0.8828571428571428,3.1626782163858604,22.138747514701024
124,77029462,2022-01-03,43.7496562,6.3285616,Gorges du Verdon,2022-01-09,86,6.76,86,0.78,2.0,3.08,-1.86,2.0,0.86,0.49742457689477554,0.86,1.0,0.2398753894080997,-0.15422885572139303,-0.05145118733509235,3.2516199232463894,77.14285714285714,3.7328571428571427,57.285714285714285,1.49,5.402857142857143,3.4971428571428573,0.8828571428571428,3.1626782163858604,22.138747514701024
125,77029462,2022-01-03,43.7496562,6.3285616,Gorges du Verdon,2022-01-10,71,2.72,39,0.0,2.0,5.39,5.39,0.0,0.71,0.20193021529324426,0.39,1.0,0.3409234661606578,0.3553065260382333,-0.0,2.998160207492135,77.14285714285714,3.7328571428571427,57.285714285714285,1.49,5.402857142857143,3.4971428571428573,0.8828571428571428,3.1626782163858604,22.138747514701024
126,282091180,2022-01-03,43.1506968,6.3419285,Bormes les Mimosas,2022-01-04,78,3.63,19,0.0,1.3,14.19,13.7,0.0,0.8666666666666667,0.28855325914149443,0.19,0.8783783783783784,0.8003384094754653,0.8111308466548253,-0.0,3.8350675603168303,56.57142857142857,7.47,57.714285714285715,1.5242857142857142,10.847142857142856,9.442857142857141,0.2842857142857143,4.203566100592441,29.42496270414709
127,282091180,2022-01-03,43.1506968,6.3419285,Bormes les Mimosas,2022-01-05,57,12.81,95,0.48,1.16,11.83,10.56,0.73,0.5757575757575758,0.6344725111441307,0.95,1.0,1.0,1.0,-0.019137083560895687,5.141093003340811,56.57142857142857,7.47,57.714285714285715,1.5242857142857142,10.847142857142856,9.442857142857141,0.2842857142857143,4.203566100592441,29.42496270414709
128,282091180,2022-01-03,43.1506968,6.3419285,Bormes les Mimosas,2022-01-06,58,5.8,95,0.63,1.09,9.11,7.83,0.79,0.6170212765957447,0.3717948717948718,0.95,0.7622377622377623,1.0,1.0,-0.3504929577464789,4.3505609528819,56.57142857142857,7.47,57.714285714285715,1.5242857142857142,10.847142857142856,9.442857142857141,0.2842857142857143,4.203566100592441,29.42496270414709
129,282091180,2022-01-03,43.1506968,6.3419285,Bormes les Mimosas,2022-01-07,54,5.67,15,0.0,1.12,9.95,8.22,0.0,0.5684210526315789,0.43615384615384617,0.15,0.8421052631578948,0.8972046889089269,0.8003894839337878,-0.0,3.694274334786034,56.57142857142857,7.47,57.714285714285715,1.5242857142857142,10.847142857142856,9.442857142857141,0.2842857142857143,4.203566100592441,29.42496270414709
130,282091180,2022-01-03,43.1506968,6.3419285,Bormes les Mimosas,2022-01-08,49,5.82,10,0.12,2.0,8.62,6.62,0.0,0.5157894736842106,0.39297771775827145,0.1,1.0,0.7336170212765957,0.5953237410071943,-0.0,3.337707953726272,56.57142857142857,7.47,57.714285714285715,1.5242857142857142,10.847142857142856,9.442857142857141,0.2842857142857143,4.203566100592441,29.42496270414709
131,282091180,2022-01-03,43.1506968,6.3419285,Bormes les Mimosas,2022-01-09,50,13.05,98,0.55,2.0,11.42,9.92,0.47,0.5,0.9602649006622517,0.98,1.0,0.8894080996884736,0.8225538971807628,-0.008525725593667545,5.1437011719378205,56.57142857142857,7.47,57.714285714285715,1.5242857142857142,10.847142857142856,9.442857142857141,0.2842857142857143,4.203566100592441,29.42496270414709
132,282091180,2022-01-03,43.1506968,6.3419285,Bormes les Mimosas,2022-01-10,50,5.51,72,0.0,2.0,10.81,9.25,0.0,0.5,0.4090571640682999,0.72,1.0,0.6837444655281467,0.6097560975609756,-0.0,3.922557727157422,56.57142857142857,7.47,57.714285714285715,1.5242857142857142,10.847142857142856,9.442857142857141,0.2842857142857143,4.203566100592441,29.42496270414709
133,281762295,2022-01-03,43.2181778,5.553394005675274,Cassis,2022-01-04,77,4.74,58,0.0,1.29,14.16,13.64,0.0,0.8555555555555555,0.3767885532591415,0.58,0.8716216216216216,0.7986463620981388,0.8075784487862641,-0.0,4.2901905413207215,55.857142857142854,11.651428571428571,54.285714285714285,1.52,10.161428571428571,8.477142857142857,0.10714285714285714,4.336962283035115,30.358735981245808
134,281762295,2022-01-03,43.2181778,5.553394005675274,Cassis,2022-01-05,65,19.04,64,0.38,1.13,10.55,9.36,0.12,0.6565656565656566,0.9430411094601286,0.64,0.9741379310344828,0.8918005071851226,0.8863636363636362,-0.002490442381212452,4.989418398227814,55.857142857142854,11.651428571428571,54.285714285714285,1.52,10.161428571428571,8.477142857142857,0.10714285714285714,4.336962283035115,30.358735981245808
135,281762295,2022-01-03,43.2181778,5.553394005675274,Cassis,2022-01-06,36,11.99,47,0.13,1.1,8.72,7.46,0.0,0.3829787234042553,0.7685897435897436,0.47,0.7692307692307693,0.9571899012074645,0.9527458492975734,-0.0,4.300734986729807,55.857142857142854,11.651428571428571,54.285714285714285,1.52,10.161428571428571,8.477142857142857,0.10714285714285714,4.336962283035115,30.358735981245808
136,281762295,2022-01-03,43.2181778,5.553394005675274,Cassis,2022-01-07,52,13.0,81,0.0,1.12,8.16,5.92,0.0,0.5473684210526316,1.0,0.81,0.8421052631578948,0.7357980162308386,0.5764362220058423,-0.0,4.511707922447207,55.857142857142854,11.651428571428571,54.285714285714285,1.52,10.161428571428571,8.477142857142857,0.10714285714285714,4.336962283035115,30.358735981245808
137,281762295,2022-01-03,43.2181778,5.553394005675274,Cassis,2022-01-08,54,10.98,4,0.0,2.0,8.25,4.64,0.0,0.5684210526315789,0.7413909520594193,0.04,1.0,0.7021276595744681,0.4172661870503597,-0.0,3.4692058513158264,55.857142857142854,11.651428571428571,54.285714285714285,1.52,10.161428571428571,8.477142857142857,0.10714285714285714,4.336962283035115,30.358735981245808
138,281762295,2022-01-03,43.2181778,5.553394005675274,Cassis,2022-01-09,60,13.59,83,0.49,2.0,10.61,9.29,0.63,0.6,1.0,0.83,1.0,0.8263239875389408,0.7703150912106135,-0.010181398416886544,5.016457680332668,55.857142857142854,11.651428571428571,54.285714285714285,1.52,10.161428571428571,8.477142857142857,0.10714285714285714,4.336962283035115,30.358735981245808
139,281762295,2022-01-03,43.2181778,5.553394005675274,Cassis,2022-01-10,47,8.22,43,0.0,2.0,10.68,9.03,0.0,0.47,0.6102449888641426,0.43,1.0,0.6755218216318786,0.5952537903757416,-0.0,3.781020600871763,55.857142857142854,11.651428571428571,54.285714285714285,1.52,10.161428571428571,8.477142857142857,0.10714285714285714,4.336962283035115,30.358735981245808
140,124969,2022-01-03,43.2961743,5.3699525,Marseille,2022-01-04,76,5.48,70,0.0,1.3,14.22,13.68,0.0,0.8444444444444444,0.43561208267090623,0.7,0.8783783783783784,0.8020304568527918,0.8099467140319715,-0.0,4.4704120763784925,59.0,12.551428571428572,52.57142857142857,1.0742857142857143,9.875714285714285,7.865714285714286,0.13428571428571429,4.092712698931893,28.648988892523253
141,124969,2022-01-03,43.2961743,5.3699525,Marseille,2022-01-05,68,20.19,53,0.38,1.12,10.29,9.15,0.34,0.6868686868686869,1.0,0.53,0.9655172413793105,0.8698224852071005,0.8664772727272727,-0.007056253413435283,4.911629432768935,59.0,12.551428571428572,52.57142857142857,1.0742857142857143,9.875714285714285,7.865714285714286,0.13428571428571429,4.092712698931893,28.648988892523253
142,124969,2022-01-03,43.2961743,5.3699525,Marseille,2022-01-06,41,15.6,30,0.09,1.1,8.32,6.11,0.0,0.43617021276595747,1.0,0.3,0.7692307692307693,0.9132821075740944,0.7803320561941252,-0.0,4.199015145764947,59.0,12.551428571428572,52.57142857142857,1.0742857142857143,9.875714285714285,7.865714285714286,0.13428571428571429,4.092712698931893,28.648988892523253
143,124969,2022-01-03,43.2961743,5.3699525,Marseille,2022-01-07,53,12.51,91,0.0,1.0,7.3,4.22,0.0,0.5578947368421052,0.9623076923076923,0.91,0.7518796992481203,0.6582506762849414,0.41090555014605645,-0.0,4.251238354828915,59.0,12.551428571428572,52.57142857142857,1.0742857142857143,9.875714285714285,7.865714285714286,0.13428571428571429,4.092712698931893,28.648988892523253
144,124969,2022-01-03,43.2961743,5.3699525,Marseille,2022-01-08,59,12.4,5,0.0,1.0,8.07,3.74,0.0,0.6210526315789474,0.837272113436867,0.05,0.5,0.6868085106382978,0.3363309352517986,-0.0,3.031464190905911,59.0,12.551428571428572,52.57142857142857,1.0742857142857143,9.875714285714285,7.865714285714286,0.13428571428571429,4.092712698931893,28.648988892523253
145,124969,2022-01-03,43.2961743,5.3699525,Marseille,2022-01-09,61,11.88,85,0.44,1.0,10.84,9.57,0.6,0.61,0.8741721854304636,0.85,0.5,0.8442367601246106,0.7935323383084577,-0.008707124010554089,4.463234159852978,59.0,12.551428571428572,52.57142857142857,1.0742857142857143,9.875714285714285,7.865714285714286,0.13428571428571429,4.092712698931893,28.648988892523253
146,124969,2022-01-03,43.2961743,5.3699525,Marseille,2022-01-10,55,9.8,34,0.02,1.0,10.09,8.59,0.0,0.55,0.7275426874536006,0.34,0.5,0.6382036685641999,0.5662491760052736,-0.0,3.3219955320230743,59.0,12.551428571428572,52.57142857142857,1.0742857142857143,9.875714285714285,7.865714285714286,0.13428571428571429,4.092712698931893,28.648988892523253
147,126708,2022-01-03,43.5298424,5.4474738,Aix en Provence,2022-01-04,52,2.34,95,0.0,1.2,13.5,12.26,0.0,0.5777777777777777,0.1860095389507154,0.95,0.8108108108108107,0.7614213197969543,0.7258732978093546,-0.0,4.011892745145612,52.285714285714285,7.348571428571428,52.0,1.0342857142857143,8.635714285714286,6.340000000000001,0.16999999999999998,3.4041695401324565,23.829186780927195
148,126708,2022-01-03,43.5298424,5.4474738,Aix en Provence,2022-01-05,68,13.16,53,0.44,1.02,8.73,4.22,0.37,0.6868686868686869,0.6518078256562655,0.53,0.8793103448275863,0.7379543533389687,0.3996212121212121,-0.008891316220644457,3.8766711065920747,52.285714285714285,7.348571428571428,52.0,1.0342857142857143,8.635714285714286,6.340000000000001,0.16999999999999998,3.4041695401324565,23.829186780927195
149,126708,2022-01-03,43.5298424,5.4474738,Aix en Provence,2022-01-06,38,8.85,9,0.17,1.11,7.08,6.12,0.0,0.40425531914893614,0.5673076923076923,0.09,0.7762237762237764,0.7771679473106476,0.7816091954022989,-0.0,3.3965639303933512,52.285714285714285,7.348571428571428,52.0,1.0342857142857143,8.635714285714286,6.340000000000001,0.16999999999999998,3.4041695401324565,23.829186780927195
150,126708,2022-01-03,43.5298424,5.4474738,Aix en Provence,2022-01-07,46,8.51,95,0.0,0.91,6.12,4.48,0.0,0.4842105263157895,0.6546153846153846,0.95,0.6842105263157895,0.5518485121731289,0.43622200584225906,-0.0,3.7611069552623513,52.285714285714285,7.348571428571428,52.0,1.0342857142857143,8.635714285714286,6.340000000000001,0.16999999999999998,3.4041695401324565,23.829186780927195
151,126708,2022-01-03,43.5298424,5.4474738,Aix en Provence,2022-01-08,50,5.77,6,0.0,1.0,7.03,3.95,0.0,0.5263157894736842,0.38960162052667113,0.06,0.5,0.5982978723404255,0.35521582733812956,-0.0,2.42943110967891,52.285714285714285,7.348571428571428,52.0,1.0342857142857143,8.635714285714286,6.340000000000001,0.16999999999999998,3.4041695401324565,23.829186780927195
152,126708,2022-01-03,43.5298424,5.4474738,Aix en Provence,2022-01-09,60,8.68,87,0.58,1.0,9.16,5.41,0.82,0.6,0.6387049300956585,0.87,0.5,0.7133956386292835,0.44859038142620233,-0.015686015831134565,3.75500493432001,52.285714285714285,7.348571428571428,52.0,1.0342857142857143,8.635714285714286,6.340000000000001,0.16999999999999998,3.4041695401324565,23.829186780927195
153,126708,2022-01-03,43.5298424,5.4474738,Aix en Provence,2022-01-10,52,4.13,19,0.0,1.0,8.83,7.94,0.0,0.52,0.3066072754268745,0.19,0.5,0.5585072738772928,0.5234014502307186,-0.0,2.598515999534886,52.285714285714285,7.348571428571428,52.0,1.0342857142857143,8.635714285714286,6.340000000000001,0.16999999999999998,3.4041695401324565,23.829186780927195
154,281857541,2022-01-03,43.9492493,4.8059012,Avignon,2022-01-04,58,1.28,100,0.0,1.21,12.7,11.54,0.0,0.6444444444444445,0.10174880763116058,1.0,0.8175675675675675,0.7163000564015792,0.6832445233866192,-0.0,3.963305399431371,62.142857142857146,9.582857142857142,65.0,1.0214285714285716,8.185714285714285,4.402857142857143,0.9857142857142858,3.4906046533666513,24.434232573566558
155,281857541,2022-01-03,43.9492493,4.8059012,Avignon,2022-01-05,73,15.64,27,0.95,0.84,7.62,2.62,6.65,0.7373737373737373,0.7746409113422487,0.27,0.7241379310344828,0.6441251056635672,0.2481060606060606,-0.3450300382304752,3.053353707789621,62.142857142857146,9.582857142857142,65.0,1.0214285714285716,8.185714285714285,4.402857142857143,0.9857142857142858,3.4906046533666513,24.434232573566558
156,281857541,2022-01-03,43.9492493,4.8059012,Avignon,2022-01-06,59,15.21,10,0.0,1.14,6.16,0.87,0.0,0.6276595744680851,0.9750000000000001,0.1,0.7972027972027972,0.6761800219538969,0.1111111111111111,-0.0,3.2871535047358904,62.142857142857146,9.582857142857142,65.0,1.0214285714285716,8.185714285714285,4.402857142857143,0.9857142857142858,3.4906046533666513,24.434232573566558
157,281857541,2022-01-03,43.9492493,4.8059012,Avignon,2022-01-07,50,6.96,100,0.0,0.96,6.11,2.74,0.0,0.5263157894736842,0.5353846153846153,1.0,0.7218045112781954,0.5509467989179442,0.2667964946445959,-0.0,3.601248209699035,62.142857142857146,9.582857142857142,65.0,1.0214285714285716,8.185714285714285,4.402857142857143,0.9857142857142858,3.4906046533666513,24.434232573566558
158,281857541,2022-01-03,43.9492493,4.8059012,Avignon,2022-01-08,62,11.31,36,0.0,1.0,6.78,1.79,0.0,0.6526315789473685,0.7636731937879812,0.36,0.5,0.5770212765957446,0.16097122302158276,-0.0,3.0142972723526773,62.142857142857146,9.582857142857142,65.0,1.0214285714285716,8.185714285714285,4.402857142857143,0.9857142857142858,3.4906046533666513,24.434232573566558
159,281857541,2022-01-03,43.9492493,4.8059012,Avignon,2022-01-09,63,7.01,97,0.45,1.0,9.63,6.92,0.25,0.63,0.5158204562178073,0.97,0.5,0.7500000000000001,0.5737976782752902,-0.0037104221635883908,3.9359077123295085,62.142857142857146,9.582857142857142,65.0,1.0214285714285716,8.185714285714285,4.402857142857143,0.9857142857142858,3.4906046533666513,24.434232573566558
160,281857541,2022-01-03,43.9492493,4.8059012,Avignon,2022-01-10,70,9.67,85,0.06,1.0,8.3,4.34,0.0,0.7,0.7178916109873793,0.85,0.5,0.5249841872232764,0.2860909690177983,-0.0,3.578966767228454,62.142857142857146,9.582857142857142,65.0,1.0214285714285716,8.185714285714285,4.402857142857143,0.9857142857142858,3.4906046533666513,24.434232573566558
161,282263463,2022-01-03,44.02856055,4.420493673910444,Uzes,2022-01-04,64,1.2,100,0.0,1.22,12.27,11.22,0.0,0.7111111111111111,0.09538950715421303,1.0,0.8243243243243243,0.6920473773265651,0.6642984014209592,-0.0,3.987170721337173,57.57142857142857,6.911428571428571,63.714285714285715,1.5071428571428573,8.73857142857143,5.877142857142857,0.7828571428571429,3.6974309188327363,25.882016431829154
162,282263463,2022-01-03,44.02856055,4.420493673910444,Uzes,2022-01-05,64,11.42,30,0.99,0.98,8.97,5.18,5.48,0.6464646464646465,0.5656265477959386,0.3,0.8448275862068966,0.7582417582417583,0.490530303030303,-0.29629710540688153,3.3093937363326615,57.57142857142857,6.911428571428571,63.714285714285715,1.5071428571428573,8.73857142857143,5.877142857142857,0.7828571428571429,3.6974309188327363,25.882016431829154
163,282263463,2022-01-03,44.02856055,4.420493673910444,Uzes,2022-01-06,59,11.11,18,0.01,1.19,6.08,0.75,0.0,0.6276595744680851,0.7121794871794872,0.18,0.8321678321678322,0.6673984632272228,0.09578544061302682,-0.0,3.115190797655654,57.57142857142857,6.911428571428571,63.714285714285715,1.5071428571428573,8.73857142857143,5.877142857142857,0.7828571428571429,3.6974309188327363,25.882016431829154
164,282263463,2022-01-03,44.02856055,4.420493673910444,Uzes,2022-01-07,46,4.75,90,0.0,1.16,6.51,4.31,0.0,0.4842105263157895,0.36538461538461536,0.9,0.8721804511278194,0.5870153291253382,0.4196689386562804,-0.0,3.628459860609843,57.57142857142857,6.911428571428571,63.714285714285715,1.5071428571428573,8.73857142857143,5.877142857142857,0.7828571428571429,3.6974309188327363,25.882016431829154
165,282263463,2022-01-03,44.02856055,4.420493673910444,Uzes,2022-01-08,48,7.31,8,0.0,2.0,7.8,4.02,0.0,0.5052631578947369,0.49358541525995947,0.08,1.0,0.6638297872340425,0.36151079136690645,-0.0,3.1041891517556452,57.57142857142857,6.911428571428571,63.714285714285715,1.5071428571428573,8.73857142857143,5.877142857142857,0.7828571428571429,3.6974309188327363,25.882016431829154
166,282263463,2022-01-03,44.02856055,4.420493673910444,Uzes,2022-01-09,52,5.01,100,0.46,2.0,10.86,9.36,0.0,0.52,0.3686534216335541,1.0,1.0,0.8457943925233644,0.7761194029850745,-0.0,4.510567217141992,57.57142857142857,6.911428571428571,63.714285714285715,1.5071428571428573,8.73857142857143,5.877142857142857,0.7828571428571429,3.6974309188327363,25.882016431829154
167,282263463,2022-01-03,44.02856055,4.420493673910444,Uzes,2022-01-10,70,7.58,100,0.24,2.0,8.68,6.3,0.0,0.7,0.562731997030438,1.0,1.0,0.5490196078431372,0.41529334212261043,-0.0,4.227044946996186,57.57142857142857,6.911428571428571,63.714285714285715,1.5071428571428573,8.73857142857143,5.877142857142857,0.7828571428571429,3.6974309188327363,25.882016431829154
168,122444,2022-01-03,43.8374249,4.3600687,Nimes,2022-01-04,61,1.69,99,0.0,1.24,12.56,11.46,0.0,0.6777777777777778,0.1343402225755167,0.99,0.8378378378378378,0.7084038353073886,0.6785079928952042,-0.0,4.026867666393725,53.714285714285715,6.5600000000000005,63.42857142857143,1.5157142857142856,9.524285714285714,7.21,0.6828571428571429,3.8434334188488575,26.904033931942003
169,122444,2022-01-03,43.8374249,4.3600687,Nimes,2022-01-05,61,10.33,39,0.85,1.04,10.17,8.84,4.78,0.6161616161616161,0.5116394254581476,0.39,0.8965517241379312,0.8596787827557059,0.837121212121212,-0.22190060076460955,3.8892521598700034,53.714285714285715,6.5600000000000005,63.42857142857143,1.5157142857142856,9.524285714285714,7.21,0.6828571428571429,3.8434334188488575,26.904033931942003
170,122444,2022-01-03,43.8374249,4.3600687,Nimes,2022-01-06,53,10.27,7,0.0,1.18,7.09,2.29,0.0,0.5638297872340425,0.6583333333333333,0.07,0.8251748251748252,0.778265642151482,0.29246487867177523,-0.0,3.188068466565458,53.714285714285715,6.5600000000000005,63.42857142857143,1.5157142857142856,9.524285714285714,7.21,0.6828571428571429,3.8434334188488575,26.904033931942003
171,122444,2022-01-03,43.8374249,4.3600687,Nimes,2022-01-07,42,4.65,95,0.0,1.15,6.97,5.18,0.0,0.4421052631578947,0.3576923076923077,0.95,0.8646616541353382,0.6284941388638413,0.5043816942551119,-0.0,3.7473350581044937,53.714285714285715,6.5600000000000005,63.42857142857143,1.5157142857142856,9.524285714285714,7.21,0.6828571428571429,3.8434334188488575,26.904033931942003
172,122444,2022-01-03,43.8374249,4.3600687,Nimes,2022-01-08,45,7.02,4,0.0,2.0,8.53,5.04,0.0,0.47368421052631576,0.4740040513166779,0.04,1.0,0.7259574468085106,0.45323741007194246,-0.0,3.1668831187234465,53.714285714285715,6.5600000000000005,63.42857142857143,1.5157142857142856,9.524285714285714,7.21,0.6828571428571429,3.8434334188488575,26.904033931942003
173,122444,2022-01-03,43.8374249,4.3600687,Nimes,2022-01-09,48,5.24,100,0.42,2.0,11.77,10.26,0.0,0.48,0.38557763061074324,1.0,1.0,0.9166666666666666,0.8507462686567163,-0.0,4.632990565934126,53.714285714285715,6.5600000000000005,63.42857142857143,1.5157142857142856,9.524285714285714,7.21,0.6828571428571429,3.8434334188488575,26.904033931942003
174,122444,2022-01-03,43.8374249,4.3600687,Nimes,2022-01-10,66,6.72,100,0.22,2.0,9.58,7.4,0.0,0.66,0.4988864142538975,1.0,1.0,0.6059456040480709,0.48780487804878053,-0.0,4.252636896350749,53.714285714285715,6.5600000000000005,63.42857142857143,1.5157142857142856,9.524285714285714,7.21,0.6828571428571429,3.8434334188488575,26.904033931942003
175,122788,2022-01-03,43.5658225,4.1912837,Aigues Mortes,2022-01-04,67,3.67,91,0.0,1.24,12.45,11.5,0.0,0.7444444444444445,0.2917329093799682,0.91,0.8378378378378378,0.7021996615905245,0.6808762581409118,-0.0,4.167091111393686,55.0,8.0,60.285714285714285,1.5157142857142856,10.115714285714287,8.194285714285714,0.43,4.096386067866929,28.6747024750685
176,122788,2022-01-03,43.5658225,4.1912837,Aigues Mortes,2022-01-05,59,11.68,30,0.6,1.04,11.38,10.11,1.59,0.5959595959595959,0.5785042100049529,0.3,0.8965517241379312,0.9619611158072697,0.9573863636363635,-0.052102676133260514,4.238260333412853,55.0,8.0,60.285714285714285,1.5157142857142856,10.115714285714287,8.194285714285714,0.43,4.096386067866929,28.6747024750685
177,122788,2022-01-03,43.5658225,4.1912837,Aigues Mortes,2022-01-06,48,10.67,3,0.0,1.18,8.51,4.46,0.0,0.5106382978723404,0.683974358974359,0.03,0.8251748251748252,0.9341383095499451,0.5696040868454662,-0.0,3.553529878416936,55.0,8.0,60.285714285714285,1.5157142857142856,10.115714285714287,8.194285714285714,0.43,4.096386067866929,28.6747024750685
178,122788,2022-01-03,43.5658225,4.1912837,Aigues Mortes,2022-01-07,45,6.24,97,0.0,1.15,6.76,5.26,0.0,0.47368421052631576,0.48000000000000004,0.97,0.8646616541353382,0.6095581605049594,0.5121713729308666,-0.0,3.91007539809748,55.0,8.0,60.285714285714285,1.5157142857142856,10.115714285714287,8.194285714285714,0.43,4.096386067866929,28.6747024750685
179,122788,2022-01-03,43.5658225,4.1912837,Aigues Mortes,2022-01-08,43,7.76,1,0.02,2.0,9.46,6.23,0.0,0.45263157894736844,0.5239702903443619,0.01,1.0,0.8051063829787235,0.5602517985611511,-0.0,3.351960050831605,55.0,8.0,60.285714285714285,1.5157142857142856,10.115714285714287,8.194285714285714,0.43,4.096386067866929,28.6747024750685
180,122788,2022-01-03,43.5658225,4.1912837,Aigues Mortes,2022-01-09,57,9.95,100,0.47,2.0,11.88,10.61,1.18,0.57,0.7321559970566592,1.0,1.0,0.9252336448598132,0.8797678275290215,-0.01829155672823219,5.088865912717262,55.0,8.0,60.285714285714285,1.5157142857142856,10.115714285714287,8.194285714285714,0.43,4.096386067866929,28.6747024750685
181,122788,2022-01-03,43.5658225,4.1912837,Aigues Mortes,2022-01-10,66,6.03,100,0.34,2.0,10.37,9.19,0.24,0.66,0.44766146993318484,1.0,1.0,0.6559139784946236,0.6058009228740936,-0.004456581103222283,4.364919790198679,55.0,8.0,60.285714285714285,1.5157142857142856,10.115714285714287,8.194285714285714,0.43,4.096386067866929,28.6747024750685
182,125804,2022-01-03,43.4522771,4.4287172,Saintes Maries de la mer,2022-01-04,74,3.78,94,0.0,1.25,13.07,12.36,0.0,0.8222222222222222,0.30047694753577103,0.94,0.8445945945945946,0.7371686407219402,0.7317939609236234,-0.0,4.3762563659981515,58.714285714285715,9.93142857142857,63.714285714285715,1.5185714285714285,10.114285714285714,7.788571428571428,0.3157142857142857,4.246490123811399,29.72543086667979
183,125804,2022-01-03,43.4522771,4.4287172,Saintes Maries de la mer,2022-01-05,63,13.4,38,0.55,1.09,11.37,10.21,1.0,0.6363636363636364,0.6636948984645864,0.38,0.9396551724137933,0.9611158072696534,0.9668560606060607,-0.030038230475150196,4.5176473446425796,58.714285714285715,9.93142857142857,63.714285714285715,1.5185714285714285,10.114285714285714,7.788571428571428,0.3157142857142857,4.246490123811399,29.72543086667979
184,125804,2022-01-03,43.4522771,4.4287172,Saintes Maries de la mer,2022-01-06,58,13.04,10,0.0,1.19,7.48,2.29,0.0,0.6170212765957447,0.8358974358974358,0.1,0.8321678321678322,0.8210757409440177,0.29246487867177523,-0.0,3.4986271642768054,58.714285714285715,9.93142857142857,63.714285714285715,1.5185714285714285,10.114285714285714,7.788571428571428,0.3157142857142857,4.246490123811399,29.72543086667979
185,125804,2022-01-03,43.4522771,4.4287172,Saintes Maries de la mer,2022-01-07,48,9.02,100,0.0,1.1,6.67,4.01,0.0,0.5052631578947369,0.6938461538461538,1.0,0.8270676691729324,0.6014427412082958,0.3904576436222006,-0.0,4.01807736574432,58.714285714285715,9.93142857142857,63.714285714285715,1.5185714285714285,10.114285714285714,7.788571428571428,0.3157142857142857,4.246490123811399,29.72543086667979
186,125804,2022-01-03,43.4522771,4.4287172,Saintes Maries de la mer,2022-01-08,49,10.13,4,0.0,2.0,9.15,5.06,0.0,0.5157894736842106,0.6839972991222147,0.04,1.0,0.7787234042553192,0.4550359712230216,-0.0,3.4735461482847665,58.714285714285715,9.93142857142857,63.714285714285715,1.5185714285714285,10.114285714285714,7.788571428571428,0.3157142857142857,4.246490123811399,29.72543086667979
187,125804,2022-01-03,43.4522771,4.4287172,Saintes Maries de la mer,2022-01-09,56,10.59,100,0.36,2.0,12.09,10.82,1.21,0.56,0.7792494481236203,1.0,1.0,0.9415887850467289,0.8971807628524047,-0.014366754617414247,5.16365224140534,58.714285714285715,9.93142857142857,63.714285714285715,1.5185714285714285,10.114285714285714,7.788571428571428,0.3157142857142857,4.246490123811399,29.72543086667979
188,125804,2022-01-03,43.4522771,4.4287172,Saintes Maries de la mer,2022-01-10,63,9.56,100,0.28,2.0,10.97,9.77,0.0,0.63,0.7097253155159614,1.0,1.0,0.693864642631246,0.6440342781806196,-0.0,4.677624236327826,58.714285714285715,9.93142857142857,63.714285714285715,1.5185714285714285,10.114285714285714,7.788571428571428,0.3157142857142857,4.246490123811399,29.72543086667979
189,129118,2022-01-03,42.52505,3.0831554,Collioure,2022-01-04,73,4.08,100,0.0,1.25,13.65,12.98,0.0,0.8111111111111111,0.32432432432432434,1.0,0.8445945945945946,0.7698815566835872,0.76850207223209,-0.0,4.518413658945708,61.42857142857143,11.717142857142857,60.57142857142857,1.5414285714285714,11.448571428571428,9.268571428571429,0.3757142857142857,4.591372449120607,32.13960714384425
190,129118,2022-01-03,42.52505,3.0831554,Collioure,2022-01-05,75,16.89,67,0.26,0.95,8.47,3.03,0.0,0.7575757575757576,0.836552748885587,0.67,0.8189655172413793,0.7159763313609468,0.2869318181818182,-0.0,4.086002173245489,61.42857142857143,11.717142857142857,60.57142857142857,1.5414285714285714,11.448571428571428,9.268571428571429,0.3757142857142857,4.591372449120607,32.13960714384425
191,129118,2022-01-03,42.52505,3.0831554,Collioure,2022-01-06,43,12.76,0,0.0,1.26,8.85,4.32,0.0,0.4574468085106383,0.8179487179487179,0.0,0.8811188811188811,0.9714599341383096,0.5517241379310345,-0.0,3.6796984796475813,61.42857142857143,11.717142857142857,60.57142857142857,1.5414285714285714,11.448571428571428,9.268571428571429,0.3757142857142857,4.591372449120607,32.13960714384425
192,129118,2022-01-03,42.52505,3.0831554,Collioure,2022-01-07,31,10.81,70,0.39,1.33,10.41,8.32,0.11,0.3263157894736842,0.8315384615384616,0.7,1.0,0.9386834986474302,0.8101265822784811,-0.004243323442136499,4.60242100849592,61.42857142857143,11.717142857142857,60.57142857142857,1.5414285714285714,11.448571428571428,9.268571428571429,0.3757142857142857,4.591372449120607,32.13960714384425
193,129118,2022-01-03,42.52505,3.0831554,Collioure,2022-01-08,70,14.13,2,0.64,2.0,10.11,9.0,1.12,0.7368421052631579,0.9540850776502363,0.02,1.0,0.8604255319148936,0.8093525179856116,-0.05693407466243051,4.323771158151469,61.42857142857143,11.717142857142857,60.57142857142857,1.5414285714285714,11.448571428571428,9.268571428571429,0.3757142857142857,4.591372449120607,32.13960714384425
194,129118,2022-01-03,42.52505,3.0831554,Collioure,2022-01-09,72,9.88,98,0.6,2.0,12.84,12.06,1.4,0.72,0.7270051508462105,0.98,1.0,1.0,1.0,-0.027704485488126648,5.3993006653580835,61.42857142857143,11.717142857142857,60.57142857142857,1.5414285714285714,11.448571428571428,9.268571428571429,0.3757142857142857,4.591372449120607,32.13960714384425
195,129118,2022-01-03,42.52505,3.0831554,Collioure,2022-01-10,66,13.47,87,0.47,2.0,15.81,15.17,0.0,0.66,1.0,0.87,1.0,1.0,1.0,-0.0,5.53,61.42857142857143,11.717142857142857,60.57142857142857,1.5414285714285714,11.448571428571428,9.268571428571429,0.3757142857142857,4.591372449120607,32.13960714384425
196,126816,2022-01-03,43.2130358,2.3491069,Carcassonne,2022-01-04,69,10.33,62,0.53,1.37,12.9,12.05,0.44,0.7666666666666667,0.8211446740858506,0.62,0.9256756756756758,0.727580372250423,0.7134399052693902,-0.0059008097165991905,4.568606484231407,77.71428571428571,10.194285714285714,74.57142857142857,1.562857142857143,8.051428571428572,4.865714285714286,8.124285714285714,3.765407626432186,26.3578533850253
197,126816,2022-01-03,43.2130358,2.3491069,Carcassonne,2022-01-05,93,10.65,98,0.84,0.95,4.55,-1.05,6.06,0.9393939393939394,0.5274888558692422,0.98,0.8189655172413793,0.3846153846153846,-0.09943181818181818,-0.27801201529219005,3.273019863645937,77.71428571428571,10.194285714285714,74.57142857142857,1.562857142857143,8.051428571428572,4.865714285714286,8.124285714285714,3.765407626432186,26.3578533850253
198,126816,2022-01-03,43.2130358,2.3491069,Carcassonne,2022-01-06,63,8.87,13,0.0,1.31,5.44,0.48,0.0,0.6702127659574468,0.5685897435897436,0.13,0.9160839160839161,0.597145993413831,0.06130268199233716,-0.0,2.943335101037275,77.71428571428571,10.194285714285714,74.57142857142857,1.562857142857143,8.051428571428572,4.865714285714286,8.124285714285714,3.765407626432186,26.3578533850253
199,126816,2022-01-03,43.2130358,2.3491069,Carcassonne,2022-01-07,47,6.05,64,0.89,1.31,7.25,3.77,3.44,0.49473684210526314,0.4653846153846154,0.64,0.9849624060150376,0.6537421100090172,0.3670886075949367,-0.3028288822947577,3.3030856988141126,77.71428571428571,10.194285714285714,74.57142857142857,1.562857142857143,8.051428571428572,4.865714285714286,8.124285714285714,3.765407626432186,26.3578533850253
200,126816,2022-01-03,43.2130358,2.3491069,Carcassonne,2022-01-08,92,10.43,90,0.97,2.0,5.29,1.77,10.09,0.968421052631579,0.7042538825118163,0.9,1.0,0.4502127659574468,0.1591726618705036,-0.7773868149324861,3.4046735480388595,77.71428571428571,10.194285714285714,74.57142857142857,1.562857142857143,8.051428571428572,4.865714285714286,8.124285714285714,3.765407626432186,26.3578533850253
201,126816,2022-01-03,43.2130358,2.3491069,Carcassonne,2022-01-09,88,12.48,95,0.99,2.0,8.97,5.43,27.13,0.88,0.9183222958057395,0.95,1.0,0.6985981308411215,0.4502487562189054,-0.8858410290237467,4.01132815384202,77.71428571428571,10.194285714285714,74.57142857142857,1.562857142857143,8.051428571428572,4.865714285714286,8.124285714285714,3.765407626432186,26.3578533850253
202,126816,2022-01-03,43.2130358,2.3491069,Carcassonne,2022-01-10,92,12.55,100,0.98,2.0,11.96,11.61,9.71,0.92,0.9317000742390498,1.0,1.0,0.756483238456673,0.7653263019116677,-0.5197050791916986,4.8538045354156925,77.71428571428571,10.194285714285714,74.57142857142857,1.562857142857143,8.051428571428572,4.865714285714286,8.124285714285714,3.765407626432186,26.3578533850253
203,281653603,2022-01-03,42.9455368,1.4065544156065486,Ariege,2022-01-04,54,3.86,58,0.76,1.48,11.86,10.51,5.23,0.6,0.3068362480127186,0.58,1.0,0.6689227298364354,0.6222616933096506,-0.10057692307692308,3.6774437480818816,81.57142857142857,4.5200000000000005,79.14285714285714,1.5885714285714287,2.19,-0.5171428571428571,9.41,2.4955506935726612,17.46885485500863
204,281653603,2022-01-03,42.9455368,1.4065544156065486,Ariege,2022-01-05,96,4.6,100,0.99,1.05,-2.25,-7.27,6.66,0.9696969696969697,0.22783556215948486,1.0,0.9051724137931035,-0.19019442096365174,-0.6884469696969696,-0.3600983069361005,1.8639652480528361,81.57142857142857,4.5200000000000005,79.14285714285714,1.5885714285714287,2.19,-0.5171428571428571,9.41,2.4955506935726612,17.46885485500863
205,281653603,2022-01-03,42.9455368,1.4065544156065486,Ariege,2022-01-06,59,2.16,5,0.0,1.43,-1.16,-3.98,0.0,0.6276595744680851,0.13846153846153847,0.05,1.0,-0.12733260153677278,-0.508301404853129,-0.0,1.1804871065397218,81.57142857142857,4.5200000000000005,79.14285714285714,1.5885714285714287,2.19,-0.5171428571428571,9.41,2.4955506935726612,17.46885485500863
206,281653603,2022-01-03,42.9455368,1.4065544156065486,Ariege,2022-01-07,73,4.53,91,0.96,1.16,-0.07,-2.9,4.18,0.7684210526315789,0.3484615384615385,0.91,0.8721804511278194,-0.006311992786293959,-0.28237585199610515,-0.39691394658753704,2.213461250851001,81.57142857142857,4.5200000000000005,79.14285714285714,1.5885714285714287,2.19,-0.5171428571428571,9.41,2.4955506935726612,17.46885485500863
207,281653603,2022-01-03,42.9455368,1.4065544156065486,Ariege,2022-01-08,95,7.53,100,0.97,2.0,0.51,-2.22,1.17,1.0,0.5084402430790007,1.0,1.0,0.04340425531914894,-0.1996402877697842,-0.0901429706115965,3.2620612400167692,81.57142857142857,4.5200000000000005,79.14285714285714,1.5885714285714287,2.19,-0.5171428571428571,9.41,2.4955506935726612,17.46885485500863
208,281653603,2022-01-03,42.9455368,1.4065544156065486,Ariege,2022-01-09,96,4.42,100,0.97,2.0,2.53,0.42,30.32,0.96,0.3252391464311994,1.0,1.0,0.1970404984423676,0.03482587064676616,-0.97,2.5471055155203333,81.57142857142857,4.5200000000000005,79.14285714285714,1.5885714285714287,2.19,-0.5171428571428571,9.41,2.4955506935726612,17.46885485500863
209,281653603,2022-01-03,42.9455368,1.4065544156065486,Ariege,2022-01-10,98,4.54,100,0.96,2.0,3.91,1.82,18.31,0.98,0.3370452858203415,1.0,1.0,0.24731182795698925,0.11997363216875412,-0.96,2.724330745946085,81.57142857142857,4.5200000000000005,79.14285714285714,1.5885714285714287,2.19,-0.5171428571428571,9.41,2.4955506935726612,17.46885485500863
210,121019,2022-01-03,43.6044622,1.4442469,Toulouse,2022-01-04,59,8.62,20,0.8,1.32,13.76,12.73,2.58,0.6555555555555556,0.6852146263910969,0.2,0.891891891891892,0.7760857304004511,0.753700414446418,-0.05222672064777328,3.91022149803764,74.14285714285714,8.23,71.42857142857143,1.0857142857142856,8.041428571428572,5.622857142857143,7.827142857142857,3.3992786528138077,23.794950569696653
211,121019,2022-01-03,43.6044622,1.4442469,Toulouse,2022-01-05,64,8.79,86,1.0,1.04,5.53,0.73,5.04,0.6464646464646465,0.4353640416047548,0.86,0.8965517241379312,0.46745562130177515,0.06912878787878787,-0.2752594210813763,3.099705400306519,74.14285714285714,8.23,71.42857142857143,1.0857142857142856,8.041428571428572,5.622857142857143,7.827142857142857,3.3992786528138077,23.794950569696653
212,121019,2022-01-03,43.6044622,1.4442469,Toulouse,2022-01-06,62,4.78,7,0.0,1.29,5.2,1.69,0.0,0.6595744680851063,0.30641025641025643,0.07,0.9020979020979022,0.570801317233809,0.21583652618135377,-0.0,2.7247204700084278,74.14285714285714,8.23,71.42857142857143,1.0857142857142856,8.041428571428572,5.622857142857143,7.827142857142857,3.3992786528138077,23.794950569696653
213,121019,2022-01-03,43.6044622,1.4442469,Toulouse,2022-01-07,61,5.65,98,1.0,0.95,4.64,1.87,4.46,0.6421052631578947,0.4346153846153846,0.98,0.7142857142857142,0.41839495040577096,0.1820837390457644,-0.4411473788328388,2.93033767267769,74.14285714285714,8.23,71.42857142857143,1.0857142857142856,8.041428571428572,5.622857142857143,7.827142857142857,3.3992786528138077,23.794950569696653
214,121019,2022-01-03,43.6044622,1.4442469,Toulouse,2022-01-08,91,9.09,89,1.0,1.0,6.26,4.18,4.7,0.9578947368421052,0.613774476704929,0.89,0.5,0.5327659574468085,0.37589928057553956,-0.37331215250198574,3.497022299067397,74.14285714285714,8.23,71.42857142857143,1.0857142857142856,8.041428571428572,5.622857142857143,7.827142857142857,3.3992786528138077,23.794950569696653
215,121019,2022-01-03,43.6044622,1.4442469,Toulouse,2022-01-09,92,10.96,100,1.0,1.0,9.18,6.86,27.31,0.92,0.8064753495217072,1.0,0.5,0.7149532710280374,0.5688225538971807,-0.9007255936675461,3.6095255807793794,74.14285714285714,8.23,71.42857142857143,1.0857142857142856,8.041428571428572,5.622857142857143,7.827142857142857,3.3992786528138077,23.794950569696653
216,121019,2022-01-03,43.6044622,1.4442469,Toulouse,2022-01-10,90,9.72,100,1.0,1.0,11.72,11.3,10.7,0.9,0.7216035634743876,1.0,0.5,0.7413029728020241,0.7448912326961108,-0.584380120152922,4.023417648819601,74.14285714285714,8.23,71.42857142857143,1.0857142857142856,8.041428571428572,5.622857142857143,7.827142857142857,3.3992786528138077,23.794950569696653
217,26251971,2022-01-03,44.0175835,1.3549991,Montauban,2022-01-04,59,8.91,30,0.61,1.22,14.14,13.15,0.13,0.6555555555555556,0.7082670906200318,0.3,0.8243243243243243,0.7975183305132544,0.7785671995263469,-0.002006578947368421,4.0622259215921455,74.85714285714286,7.71,71.28571428571429,1.502857142857143,7.8742857142857146,6.267142857142858,5.848571428571428,3.7045626679601122,25.931938675720787
218,26251971,2022-01-03,44.0175835,1.3549991,Montauban,2022-01-05,60,8.37,78,0.89,1.03,5.73,1.09,0.73,0.6060606060606061,0.4145616641901931,0.78,0.8879310344827587,0.4843617920540998,0.10321969696969698,-0.03548334243582742,3.2406514513215274,74.85714285714286,7.71,71.28571428571429,1.502857142857143,7.8742857142857146,6.267142857142858,5.848571428571428,3.7045626679601122,25.931938675720787
219,26251971,2022-01-03,44.0175835,1.3549991,Montauban,2022-01-06,64,4.73,7,0.0,1.24,5.32,1.87,0.0,0.6808510638297872,0.30320512820512824,0.07,0.8671328671328672,0.5839736553238201,0.2388250319284802,-0.0,2.743987746420083,74.85714285714286,7.71,71.28571428571429,1.502857142857143,7.8742857142857146,6.267142857142858,5.848571428571428,3.7045626679601122,25.931938675720787
220,26251971,2022-01-03,44.0175835,1.3549991,Montauban,2022-01-07,74,4.17,100,1.0,1.03,3.41,3.41,3.17,0.7789473684210526,0.32076923076923075,1.0,0.7744360902255639,0.30748422001803427,0.33203505355404095,-0.3135509396636993,3.2001210233242228,74.85714285714286,7.71,71.28571428571429,1.502857142857143,7.8742857142857146,6.267142857142858,5.848571428571428,3.7045626679601122,25.931938675720787
221,26251971,2022-01-03,44.0175835,1.3549991,Montauban,2022-01-08,85,8.51,84,1.0,2.0,5.64,5.64,6.4,0.8947368421052632,0.574611748818366,0.84,1.0,0.48,0.5071942446043165,-0.5083399523431295,3.7882028831848165,74.85714285714286,7.71,71.28571428571429,1.502857142857143,7.8742857142857146,6.267142857142858,5.848571428571428,3.7045626679601122,25.931938675720787
222,26251971,2022-01-03,44.0175835,1.3549991,Montauban,2022-01-09,91,9.87,100,1.0,2.0,8.98,7.19,23.6,0.91,0.7262693156732891,1.0,1.0,0.6993769470404985,0.5961857379767828,-0.7783641160949869,4.1534678845955835,74.85714285714286,7.71,71.28571428571429,1.502857142857143,7.8742857142857146,6.267142857142858,5.848571428571428,3.7045626679601122,25.931938675720787
223,26251971,2022-01-03,44.0175835,1.3549991,Montauban,2022-01-10,91,9.41,100,1.0,2.0,11.9,11.52,6.91,0.91,0.6985894580549369,1.0,1.0,0.7526881720430108,0.7593935398813447,-0.377389404696887,4.743281765282406,74.85714285714286,7.71,71.28571428571429,1.502857142857143,7.8742857142857146,6.267142857142858,5.848571428571428,3.7045626679601122,25.931938675720787
224,15759375,2022-01-03,43.4832523,-1.5592776,Biarritz,2022-01-04,52,10.67,100,1.0,1.18,17.45,16.61,11.96,0.5777777777777777,0.8481717011128775,1.0,0.7972972972972973,0.9842075578116186,0.9834221432800473,-0.3026315789473684,4.888244898332251,75.42857142857143,9.637142857142859,81.42857142857143,1.0614285714285714,11.054285714285713,10.284285714285714,8.709999999999999,4.177352838688253,29.241469870817774
225,15759375,2022-01-03,43.4832523,-1.5592776,Biarritz,2022-01-05,74,11.22,100,1.0,0.93,6.39,4.66,2.49,0.7474747474747475,0.5557206537890045,1.0,0.8017241379310346,0.5401521555367709,0.4412878787878788,-0.13599126160567998,3.9503683119137563,75.42857142857143,9.637142857142859,81.42857142857143,1.0614285714285714,11.054285714285713,10.284285714285714,8.709999999999999,4.177352838688253,29.241469870817774
226,15759375,2022-01-03,43.4832523,-1.5592776,Biarritz,2022-01-06,58,2.48,0,0.0,1.36,6.27,5.52,0.0,0.6170212765957447,0.15897435897435896,0.0,0.9510489510489512,0.6882546652030735,0.7049808429118773,-0.0,3.1202800947340057,75.42857142857143,9.637142857142859,81.42857142857143,1.0614285714285714,11.054285714285713,10.284285714285714,8.709999999999999,4.177352838688253,29.241469870817774
227,15759375,2022-01-03,43.4832523,-1.5592776,Biarritz,2022-01-07,77,11.21,87,1.0,0.96,11.09,10.27,9.2,0.8105263157894737,0.8623076923076923,0.87,0.7218045112781954,1.0,1.0,-0.9099901088031651,4.354648410572197,75.42857142857143,9.637142857142859,81.42857142857143,1.0614285714285714,11.054285714285713,10.284285714285714,8.709999999999999,4.177352838688253,29.241469870817774
228,15759375,2022-01-03,43.4832523,-1.5592776,Biarritz,2022-01-08,82,9.59,83,1.0,1.0,11.67,11.03,12.59,0.8631578947368421,0.6475354490209317,0.83,0.5,0.9931914893617021,0.9919064748201439,-1.0,3.82579130793962,75.42857142857143,9.637142857142859,81.42857142857143,1.0614285714285714,11.054285714285713,10.284285714285714,8.709999999999999,4.177352838688253,29.241469870817774
229,15759375,2022-01-03,43.4832523,-1.5592776,Biarritz,2022-01-09,94,12.68,100,1.0,1.0,12.02,11.73,19.8,0.94,0.9330389992641648,1.0,0.5,0.9361370716510903,0.972636815920398,-0.6530343007915568,4.6287785860440955,75.42857142857143,9.637142857142859,81.42857142857143,1.0614285714285714,11.054285714285713,10.284285714285714,8.709999999999999,4.177352838688253,29.241469870817774
230,15759375,2022-01-03,43.4832523,-1.5592776,Biarritz,2022-01-10,91,9.61,100,0.9,1.0,12.49,12.17,4.93,0.91,0.7134372680029695,1.0,0.5,0.7900063251106895,0.8022412656558998,-0.24232659748771165,4.473358261281847,75.42857142857143,9.637142857142859,81.42857142857143,1.0614285714285714,11.054285714285713,10.284285714285714,8.709999999999999,4.177352838688253,29.241469870817774
231,15548981,2022-01-03,43.4933379,-1.475099,Bayonne,2022-01-04,51,10.56,100,1.0,1.19,17.73,16.89,12.03,0.5666666666666667,0.8394276629570747,1.0,0.8040540540540541,1.0,1.0,-0.30440283400809715,4.905745549669699,74.85714285714286,8.902857142857142,80.57142857142857,1.4957142857142858,11.101428571428572,10.587142857142856,8.78,4.359916936478398,30.519418555348786
232,15548981,2022-01-03,43.4933379,-1.475099,Bayonne,2022-01-05,71,10.28,99,1.0,0.83,6.37,6.37,1.98,0.7171717171717171,0.509162951956414,0.99,0.7155172413793104,0.5384615384615384,0.6032196969696969,-0.1081376297105407,3.9653955162281367,74.85714285714286,8.902857142857142,80.57142857142857,1.4957142857142858,11.101428571428572,10.587142857142856,8.78,4.359916936478398,30.519418555348786
233,15548981,2022-01-03,43.4933379,-1.475099,Bayonne,2022-01-06,57,2.16,1,0.0,1.37,6.45,5.75,0.0,0.6063829787234043,0.13846153846153847,0.01,0.9580419580419581,0.70801317233809,0.7343550446998722,-0.0,3.155254692264863,74.85714285714286,8.902857142857142,80.57142857142857,1.4957142857142858,11.101428571428572,10.587142857142856,8.78,4.359916936478398,30.519418555348786
234,15548981,2022-01-03,43.4933379,-1.475099,Bayonne,2022-01-07,77,10.25,83,1.0,1.08,11.07,10.24,9.29,0.8105263157894737,0.7884615384615384,0.83,0.8120300751879699,0.9981965734896303,0.997078870496592,-0.9188921859545005,4.317401187470704,74.85714285714286,8.902857142857142,80.57142857142857,1.4957142857142858,11.101428571428572,10.587142857142856,8.78,4.359916936478398,30.519418555348786
235,15548981,2022-01-03,43.4933379,-1.475099,Bayonne,2022-01-08,82,8.73,81,1.0,2.0,11.75,11.12,12.57,0.8631578947368421,0.5894665766374072,0.81,1.0,1.0,1.0,-0.9984114376489277,4.264213033725322,74.85714285714286,8.902857142857142,80.57142857142857,1.4957142857142858,11.101428571428572,10.587142857142856,8.78,4.359916936478398,30.519418555348786
236,15548981,2022-01-03,43.4933379,-1.475099,Bayonne,2022-01-09,94,11.58,100,1.0,2.0,11.87,11.57,20.85,0.94,0.8520971302428256,1.0,1.0,0.924454828660436,0.9593698175787728,-0.6876649076517151,4.9882568688303195,74.85714285714286,8.902857142857142,80.57142857142857,1.4957142857142858,11.101428571428572,10.587142857142856,8.78,4.359916936478398,30.519418555348786
237,15548981,2022-01-03,43.4933379,-1.475099,Bayonne,2022-01-10,92,8.76,100,0.92,2.0,12.47,12.17,4.74,0.92,0.6503340757238307,1.0,1.0,0.7887413029728021,0.8022412656558998,-0.23816493719279086,4.923151707159741,74.85714285714286,8.902857142857142,80.57142857142857,1.4957142857142858,11.101428571428572,10.587142857142856,8.78,4.359916936478398,30.519418555348786
238,123543,2022-01-03,46.1591126,-1.1520434,La Rochelle,2022-01-04,89,12.31,100,1.0,0.53,9.94,9.22,8.34,0.9888888888888889,0.9785373608903021,1.0,0.3581081081081081,0.5606316976875352,0.5458851391355832,-0.2110323886639676,4.221018806046449,78.42857142857143,10.862857142857143,71.0,0.86,9.09,7.390000000000001,3.7685714285714282,3.9460561889819803,27.62239332287386
239,123543,2022-01-03,46.1591126,-1.1520434,La Rochelle,2022-01-05,61,11.95,11,0.33,0.84,7.22,4.73,0.12,0.6161616161616161,0.5918771669143139,0.11,0.7241379310344828,0.610312764158918,0.4479166666666667,-0.002162752594210814,3.0982433923417867,78.42857142857143,10.862857142857143,71.0,0.86,9.09,7.390000000000001,3.7685714285714282,3.9460561889819803,27.62239332287386
240,123543,2022-01-03,46.1591126,-1.1520434,La Rochelle,2022-01-06,65,4.29,1,0.0,1.06,5.28,3.69,0.0,0.6914893617021277,0.275,0.01,0.7412587412587414,0.5795828759604831,0.47126436781609193,-0.0,2.768595346737444,78.42857142857143,10.862857142857143,71.0,0.86,9.09,7.390000000000001,3.7685714285714282,3.9460561889819803,27.62239332287386
241,123543,2022-01-03,46.1591126,-1.1520434,La Rochelle,2022-01-07,72,10.07,85,1.0,0.59,8.81,5.47,6.09,0.7578947368421053,0.7746153846153846,0.85,0.44360902255639095,0.7944093778178539,0.5326192794547225,-0.6023738872403561,3.5507739140461014,78.42857142857143,10.862857142857143,71.0,0.86,9.09,7.390000000000001,3.7685714285714282,3.9460561889819803,27.62239332287386
242,123543,2022-01-03,46.1591126,-1.1520434,La Rochelle,2022-01-08,79,14.81,100,1.0,1.0,11.1,10.33,3.15,0.8315789473684211,1.0,1.0,0.5,0.9446808510638297,0.9289568345323742,-0.25019857029388404,4.9550180626707405,78.42857142857143,10.862857142857143,71.0,0.86,9.09,7.390000000000001,3.7685714285714282,3.9460561889819803,27.62239332287386
243,123543,2022-01-03,46.1591126,-1.1520434,La Rochelle,2022-01-09,92,11.86,100,1.0,1.0,9.55,6.96,8.17,0.92,0.872700515084621,1.0,0.5,0.7437694704049845,0.5771144278606964,-0.2694591029023747,4.344125310447927,78.42857142857143,10.862857142857143,71.0,0.86,9.09,7.390000000000001,3.7685714285714282,3.9460561889819803,27.62239332287386
244,123543,2022-01-03,46.1591126,-1.1520434,La Rochelle,2022-01-10,91,10.75,100,0.44,1.0,11.73,11.33,0.51,0.91,0.7980697847067557,1.0,0.5,0.7419354838709677,0.7468688200395518,-0.01225559803386128,4.684618490583414,78.42857142857143,10.862857142857143,71.0,0.86,9.09,7.390000000000001,3.7685714285714282,3.9460561889819803,27.62239332287386
